YEAR,MONTH,LE,PROJECT NAME,AMOUNT,AMOUNT USD,TYPE,COUNTRY NAME,VAT RATE,VAT Currency,VAT USD
2025,10,Proto Group Ltd.,Intelico,917.13,694.47,DISCOUNT_FEE,Lesotho,0.0,0.0,0.0
2025,10,Proto Group Ltd.,,-629.63,-541.07,CHARGEBACK,Japan,0.0,-0.0,-0.0
2025,10,Metasa Limited,Intelico,636.13,636.13,SALE,Kenya,0.0,0.0,0.0
2025,10,Metasa Limited,,-875.86,-651.44,CHARGEBACK,Martinique,0.0,-0.0,-0.0
2025,10,Proto Group Ltd.,Intelico,921.82,686.79,DISCOUNT_FEE,Trinidad and Tobago,0.0,0.0,0.0
2025,10,,Dreamly,240.55,179.15,VAT,Cyprus,19.0,0.0,0.0
2025,10,Metasa Limited,,599.17,448.73,DISCOUNT_FEE,Uzbekistan,0.0,0.0,0.0
2025,10,,Dreamly,69.51,69.51,VAT,Madagascar,0.0,0.0,0.0
2025,10,Proto Group Ltd.,Dreamly,433.03,321.31,DISCOUNT_FEE,Bolivia (Plurinational State of),0.0,0.0,0.0
2025,10,Metasa Limited,Intelico,892.62,668.5,CAPTURE_FEE,Hong Kong,0.0,0.0,0.0
2025,10,,,560.18,560.18,DISCOUNT_FEE,British Indian Ocean Territory (the),0.0,0.0,0.0
2025,10,Metasa Limited,Intelico,-840.17,-721.86,CHARGEBACK,United States Minor Outlying Islands (the),0.0,-0.0,-0.0
2025,10,Metasa Limited,,71.02,60.98,DISCOUNT_FEE,Niue,0.0,0.0,0.0
2025,10,,Intelico,905.82,675.49,CAPTURE_FEE,Syrian Arab Republic (the),0.0,0.0,0.0
2025,10,,Intelico,242.18,207.94,DISCOUNT_FEE,Cyprus,19.0,0.0,0.0
2025,10,Proto Group Ltd.,Intelico,559.45,559.45,VAT,Tunisia,0.0,0.0,0.0
2025,10,,Dreamly,-363.15,-313.93,CHARGEBACK,Central African Republic (the),0.0,-0.0,-0.0
2025,10,Metasa Limited,,-164.04,-164.04,CHARGEBACK,Cabo Verde,0.0,-0.0,-0.0
2025,10,Metasa Limited,Dreamly,156.4,156.4,VAT,Malaysia,0.0,0.0,0.0
2025,10,,Intelico,-374.17,-277.8,CHARGEBACK,Poland,23.0,-86.0591,-63.89
2025,10,,,691.64,691.64,SALE,Syrian Arab Republic (the),0.0,0.0,0.0
2025,10,Metasa Limited,,-841.2,-627.03,CHARGEBACK,Dominica,0.0,-0.0,-0.0
2025,10,,Dreamly,-697.25,-594.11,CHARGEBACK,Kazakhstan,0.0,-0.0,-0.0
2025,10,,Intelico,374.27,318.73,DISCOUNT_FEE,Egypt,0.0,0.0,0.0
2025,10,Proto Group Ltd.,Intelico,926.58,796.1,CAPTURE_FEE,Iceland,0.0,0.0,0.0
2025,10,Proto Group Ltd.,,435.22,435.22,VAT,Mongolia,0.0,0.0,0.0
2025,10,Proto Group Ltd.,Intelico,572.72,572.72,DISCOUNT_FEE,Tunisia,0.0,0.0,0.0
2025,10,Metasa Limited,,668.96,668.96,SALE,Bangladesh,0.0,0.0,0.0
2025,10,Metasa Limited,,-380.08,-282.8,CHARGEBACK,Northern Mariana Islands (the),0.0,-0.0,-0.0
2025,10,Metasa Limited,,-458.28,-391.47,REFUND,Jamaica,0.0,-0.0,-0.0
2025,10,,Intelico,13.62,11.74,DISCOUNT_FEE,Ecuador,0.0,0.0,0.0
2025,10,Metasa Limited,Dreamly,243.31,243.31,DISCOUNT_FEE,Saint Kitts and Nevis,0.0,0.0,0.0
2025,10,Proto Group Ltd.,,-373.95,-281.94,CHARGEBACK,Guam,0.0,-0.0,-0.0
2025,10,Proto Group Ltd.,Intelico,94.37,70.25,DISCOUNT_FEE,North Macedonia,0.0,0.0,0.0
2025,10,,,-278.12,-208.54,REFUND,Saint Pierre and Miquelon,0.0,-0.0,-0.0
2025,10,Proto Group Ltd.,,770.0,572.71,SALE,Micronesia (Federated States of),0.0,0.0,0.0
2025,10,Metasa Limited,Intelico,247.72,211.42,VAT,French Polynesia,0.0,0.0,0.0
2025,10,,Intelico,82.26,61.72,VAT,Lebanon,0.0,0.0,0.0
2025,10,,Dreamly,-259.32,-222.53,REFUND,Brazil,0.0,-0.0,-0.0
2025,10,,Intelico,823.9,612.7,CAPTURE_FEE,Türkiye,0.0,0.0,0.0
2025,10,Proto Group Ltd.,Intelico,153.35,114.15,DISCOUNT_FEE,Türkiye,0.0,0.0,0.0
2025,10,Metasa Limited,Intelico,-593.96,-440.72,REFUND,New Caledonia,0.0,-0.0,-0.0
2025,10,Proto Group Ltd.,Intelico,894.07,768.17,VAT,Andorra,0.0,0.0,0.0
2025,10,Proto Group Ltd.,Dreamly,682.7,512.2,DISCOUNT_FEE,Belgium,21.0,0.0,0.0
2025,10,,Intelico,988.77,847.97,CAPTURE_FEE,Montenegro,0.0,0.0,0.0
2025,10,,Intelico,-585.11,-585.11,CHARGEBACK,Faroe Islands (the),0.0,-0.0,-0.0
2025,10,Metasa Limited,Intelico,430.35,369.82,DISCOUNT_FEE,Tunisia,0.0,0.0,0.0
2025,10,Proto Group Ltd.,Dreamly,266.08,227.09,DISCOUNT_FEE,Guatemala,0.0,0.0,0.0
2025,10,,,748.85,748.85,CAPTURE_FEE,New Zealand,0.0,0.0,0.0
2025,10,,,371.44,371.44,VAT,Saint Lucia,0.0,0.0,0.0
2025,10,Metasa Limited,Dreamly,819.2,819.2,VAT,Mauritania,0.0,0.0,0.0
2025,10,Proto Group Ltd.,Intelico,-839.86,-626.3,CHARGEBACK,Wallis and Futuna,0.0,-0.0,-0.0
2025,10,,Dreamly,242.31,208.51,CAPTURE_FEE,India,0.0,0.0,0.0
2025,10,Metasa Limited,Dreamly,-280.56,-280.56,REFUND,Angola,0.0,-0.0,-0.0
2025,10,,,634.39,482.3,DISCOUNT_FEE,Chad,0.0,0.0,0.0
2025,10,,,170.95,128.24,VAT,Australia,0.0,0.0,0.0
2025,10,Proto Group Ltd.,Dreamly,525.65,390.97,SALE,Afghanistan,0.0,0.0,0.0
2025,10,Proto Group Ltd.,Intelico,-439.7,-378.23,CHARGEBACK,Finland,25.5,-112.12349999999999,-96.45
2025,10,,Intelico,-406.11,-351.06,REFUND,Korea (the Republic of),0.0,-0.0,-0.0
2025,10,Proto Group Ltd.,Dreamly,488.23,488.23,VAT,Lithuania,21.0,0.0,0.0
2025,10,Proto Group Ltd.,Dreamly,87.23,64.69,DISCOUNT_FEE,Guernsey,0.0,0.0,0.0
2025,10,Proto Group Ltd.,,581.95,435.22,SALE,Libya,0.0,0.0,0.0
2025,10,Metasa Limited,,49.03,36.56,VAT,Martinique,0.0,0.0,0.0
2025,10,,,424.34,314.69,VAT,United States of America (the),0.0,0.0,0.0
2025,10,Metasa Limited,Dreamly,317.62,317.62,DISCOUNT_FEE,Saint Vincent and the Grenadines,0.0,0.0,0.0
2025,10,Metasa Limited,,178.91,153.9,CAPTURE_FEE,Indonesia,0.0,0.0,0.0
2025,10,Metasa Limited,Intelico,-309.65,-309.65,CHARGEBACK,Lebanon,0.0,-0.0,-0.0
2025,10,Metasa Limited,,221.88,168.69,DISCOUNT_FEE,"Bonaire, Sint Eustatius and Saba",0.0,0.0,0.0
2025,10,Metasa Limited,Intelico,362.79,309.82,CAPTURE_FEE,Botswana,0.0,0.0,0.0
2025,10,Metasa Limited,Intelico,-608.43,-518.14,CHARGEBACK,Estonia,24.0,-146.02319999999997,-124.35
2025,10,Metasa Limited,Intelico,-7.86,-6.76,CHARGEBACK,Germany,19.0,-1.4934,-1.28
2025,10,Metasa Limited,Intelico,-941.32,-941.32,REFUND,Lao People's Democratic Republic (the),0.0,-0.0,-0.0
2025,10,Proto Group Ltd.,Intelico,-554.7,-412.69,CHARGEBACK,Singapore,0.0,-0.0,-0.0
2025,10,Proto Group Ltd.,,-170.77,-126.71,CHARGEBACK,Cyprus,19.0,-32.4463,-24.08
2025,10,Metasa Limited,,24.75,24.75,SALE,French Polynesia,0.0,0.0,0.0
2025,10,Metasa Limited,Dreamly,151.8,130.58,CAPTURE_FEE,Rwanda,0.0,0.0,0.0
2025,10,Proto Group Ltd.,,478.56,359.66,VAT,Bulgaria,20.0,0.0,0.0
2025,10,Metasa Limited,Intelico,522.33,387.36,VAT,Libya,0.0,0.0,0.0
2025,10,Metasa Limited,,-245.34,-245.34,CHARGEBACK,Chile,0.0,-0.0,-0.0
2025,10,Metasa Limited,Intelico,650.8,650.8,DISCOUNT_FEE,Zimbabwe,0.0,0.0,0.0
2025,10,,Intelico,729.94,627.27,SALE,Saint Vincent and the Grenadines,0.0,0.0,0.0
2025,10,Metasa Limited,Intelico,57.63,42.98,SALE,Morocco,0.0,0.0,0.0
2025,10,,,-663.77,-492.52,REFUND,Netherlands,21.0,-139.3917,-103.43
2025,10,Metasa Limited,,395.49,395.49,SALE,Zambia,0.0,0.0,0.0
2025,10,Proto Group Ltd.,Intelico,-758.55,-652.8,CHARGEBACK,Martinique,0.0,-0.0,-0.0
2025,10,Metasa Limited,,855.04,855.04,DISCOUNT_FEE,Puerto Rico,0.0,0.0,0.0
2025,10,Metasa Limited,Intelico,5.43,4.07,VAT,Belgium,21.0,0.0,0.0
2025,10,Metasa Limited,Dreamly,782.56,580.34,VAT,El Salvador,0.0,0.0,0.0
2025,10,,Intelico,506.18,434.1,VAT,Ukraine,0.0,0.0,0.0
2025,10,Metasa Limited,,-539.0,-464.46,REFUND,Belgium,21.0,-113.19,-97.54
2025,10,,Intelico,-387.03,-287.18,REFUND,Syrian Arab Republic (the),0.0,-0.0,-0.0
2025,10,Metasa Limited,Dreamly,768.38,768.38,SALE,Cambodia,0.0,0.0,0.0
2025,10,Metasa Limited,Dreamly,837.12,719.37,CAPTURE_FEE,Tajikistan,0.0,0.0,0.0
2025,10,Proto Group Ltd.,,-986.19,-847.47,CHARGEBACK,Chad,0.0,-0.0,-0.0
2025,10,Metasa Limited,Dreamly,268.39,201.36,CAPTURE_FEE,Kuwait,0.0,0.0,0.0
2025,10,,,-144.8,-107.74,CHARGEBACK,Spain,21.0,-30.408,-22.63
2025,10,,,-30.07,-25.79,REFUND,Viet Nam,0.0,-0.0,-0.0
2025,10,Metasa Limited,,366.35,274.38,DISCOUNT_FEE,Kiribati,0.0,0.0,0.0
2025,10,,,-1.46,-1.09,REFUND,Chile,0.0,-0.0,-0.0
2025,10,Metasa Limited,Intelico,-530.14,-394.62,CHARGEBACK,Taiwan (Province of China),0.0,-0.0,-0.0
2025,10,,,-977.61,-839.36,REFUND,Mozambique,0.0,-0.0,-0.0
2025,10,,Intelico,-296.79,-253.46,CHARGEBACK,Czech Republic,21.0,-62.325900000000004,-53.23
2025,10,Metasa Limited,,707.67,609.84,VAT,Luxembourg,17.0,0.0,0.0
2025,10,,Intelico,-880.26,-880.26,REFUND,Slovakia,23.0,-202.4598,-202.46
2025,10,,Dreamly,905.61,905.61,CAPTURE_FEE,Guadeloupe,0.0,0.0,0.0
2025,10,,Intelico,624.79,624.79,SALE,Uzbekistan,0.0,0.0,0.0
2025,10,Metasa Limited,Intelico,-632.17,-632.17,REFUND,Germany,19.0,-120.11229999999999,-120.11
2025,10,Metasa Limited,Intelico,395.45,340.59,CAPTURE_FEE,Azerbaijan,0.0,0.0,0.0
2025,10,Metasa Limited,Intelico,-182.15,-156.21,REFUND,Heard Island and McDonald Islands,0.0,-0.0,-0.0
2025,10,Proto Group Ltd.,Dreamly,-343.49,-256.04,REFUND,Tuvalu,0.0,-0.0,-0.0
2025,10,Metasa Limited,Dreamly,-512.49,-512.49,REFUND,Lesotho,0.0,-0.0,-0.0
2025,10,Proto Group Ltd.,Intelico,-922.5,-794.97,CHARGEBACK,Guinea-Bissau,0.0,-0.0,-0.0
2025,10,Metasa Limited,Dreamly,512.77,389.84,CAPTURE_FEE,South Africa,0.0,0.0,0.0
2025,10,,Dreamly,-9.4,-9.4,REFUND,Cabo Verde,0.0,-0.0,-0.0
2025,10,,,-280.47,-242.46,REFUND,Antarctica,0.0,-0.0,-0.0
2025,10,Proto Group Ltd.,Dreamly,-990.34,-990.34,CHARGEBACK,Saint Martin (French part),0.0,-0.0,-0.0
2025,10,Metasa Limited,Dreamly,746.87,746.87,VAT,Virgin Islands (U.S.),0.0,0.0,0.0
2025,10,Metasa Limited,Dreamly,691.23,691.23,SALE,Jamaica,0.0,0.0,0.0
2025,10,,Dreamly,97.34,83.44,VAT,Australia,0.0,0.0,0.0
2025,10,,Intelico,511.0,438.74,SALE,Oman,0.0,0.0,0.0
2025,10,,Intelico,450.88,335.92,CAPTURE_FEE,Luxembourg,17.0,0.0,0.0
2025,10,Proto Group Ltd.,Dreamly,-60.59,-44.93,CHARGEBACK,Algeria,0.0,-0.0,-0.0
2025,10,,Intelico,553.02,476.0,DISCOUNT_FEE,Morocco,0.0,0.0,0.0
2025,10,Metasa Limited,Intelico,-951.85,-706.28,REFUND,Russian Federation (the),0.0,-0.0,-0.0
2025,10,Proto Group Ltd.,,490.22,490.22,VAT,Niue,0.0,0.0,0.0
2025,10,Proto Group Ltd.,Dreamly,125.74,125.74,VAT,Nigeria,0.0,0.0,0.0
2025,10,Metasa Limited,Intelico,-585.51,-585.51,CHARGEBACK,Sao Tome and Principe,0.0,-0.0,-0.0
2025,10,Proto Group Ltd.,Intelico,186.31,158.83,CAPTURE_FEE,Sint Maarten (Dutch part),0.0,0.0,0.0
2025,10,Metasa Limited,Dreamly,20.05,17.19,DISCOUNT_FEE,Georgia,0.0,0.0,0.0
2025,10,,Dreamly,340.34,340.34,CAPTURE_FEE,Saudi Arabia,0.0,0.0,0.0
2025,10,,,83.09,71.4,CAPTURE_FEE,Venezuela (Bolivarian Republic of),0.0,0.0,0.0
2025,10,,Intelico,445.7,445.7,SALE,Suriname,0.0,0.0,0.0
2025,10,Proto Group Ltd.,,-515.67,-439.62,REFUND,Luxembourg,17.0,-87.6639,-74.74
2025,10,,,165.0,165.0,VAT,Mozambique,0.0,0.0,0.0
2025,10,,Dreamly,-523.44,-451.08,REFUND,Antarctica,0.0,-0.0,-0.0
2025,10,Metasa Limited,,940.4,809.22,CAPTURE_FEE,French Guiana,0.0,0.0,0.0
2025,10,,Intelico,-794.45,-794.45,REFUND,Mongolia,0.0,-0.0,-0.0
2025,10,,,-599.48,-449.71,CHARGEBACK,Bosnia and Herzegovina,0.0,-0.0,-0.0
2025,10,Proto Group Ltd.,Intelico,396.01,294.78,SALE,Russian Federation (the),0.0,0.0,0.0
2025,10,Metasa Limited,,-492.71,-492.71,CHARGEBACK,Bahrain,0.0,-0.0,-0.0
2025,10,,Intelico,-941.15,-941.15,REFUND,Gabon,0.0,-0.0,-0.0
2025,10,Proto Group Ltd.,Dreamly,776.97,576.85,VAT,Puerto Rico,0.0,0.0,0.0
2025,10,,Dreamly,738.81,550.71,SALE,Iraq,0.0,0.0,0.0
2025,10,,Intelico,-353.29,-353.29,CHARGEBACK,Holy See (the),0.0,-0.0,-0.0
2025,10,,Intelico,-576.62,-492.14,REFUND,Falkland Islands (the) [Malvinas],0.0,-0.0,-0.0
2025,10,Proto Group Ltd.,,586.08,436.49,SALE,Norway,0.0,0.0,0.0
2025,10,Proto Group Ltd.,Intelico,12.99,12.99,SALE,Togo,0.0,0.0,0.0
2025,10,Proto Group Ltd.,Intelico,-45.8,-45.8,CHARGEBACK,Sudan (the),0.0,-0.0,-0.0
2025,10,Proto Group Ltd.,Intelico,340.79,253.47,CAPTURE_FEE,Singapore,0.0,0.0,0.0
2025,10,Metasa Limited,,-95.03,-81.66,REFUND,Senegal,0.0,-0.0,-0.0
2025,10,Metasa Limited,Intelico,631.43,631.43,CAPTURE_FEE,Central African Republic (the),0.0,0.0,0.0
2025,10,,Dreamly,967.46,829.69,SALE,Libya,0.0,0.0,0.0
2025,10,Proto Group Ltd.,,-989.8,-989.8,REFUND,Andorra,0.0,-0.0,-0.0
2025,10,,,649.29,488.0,CAPTURE_FEE,Solomon Islands,0.0,0.0,0.0
2025,10,Proto Group Ltd.,Intelico,-95.99,-81.79,CHARGEBACK,Central African Republic (the),0.0,-0.0,-0.0
2025,10,Metasa Limited,,-275.65,-275.65,REFUND,New Zealand,0.0,-0.0,-0.0
2025,10,,Dreamly,41.53,30.97,CAPTURE_FEE,Gambia (the),0.0,0.0,0.0
2025,10,Proto Group Ltd.,Dreamly,-246.46,-183.38,CHARGEBACK,Honduras,0.0,-0.0,-0.0
2025,10,Proto Group Ltd.,,585.47,436.04,VAT,Gabon,0.0,0.0,0.0
2025,10,Proto Group Ltd.,Intelico,-947.24,-947.24,REFUND,Holy See (the),0.0,-0.0,-0.0
2025,10,Metasa Limited,Intelico,59.11,43.98,CAPTURE_FEE,Réunion,0.0,0.0,0.0
2025,10,,Intelico,181.36,181.36,SALE,Uruguay,0.0,0.0,0.0
2025,10,,Intelico,539.27,539.27,VAT,Svalbard and Jan Mayen,0.0,0.0,0.0
2025,10,Metasa Limited,Dreamly,549.07,549.07,SALE,Kazakhstan,0.0,0.0,0.0
2025,10,Proto Group Ltd.,Intelico,22.53,16.87,DISCOUNT_FEE,British Indian Ocean Territory (the),0.0,0.0,0.0
2025,10,Proto Group Ltd.,Dreamly,126.4,109.27,SALE,Sao Tome and Principe,0.0,0.0,0.0
2025,10,Metasa Limited,Dreamly,661.6,490.91,SALE,Egypt,0.0,0.0,0.0
2025,10,Metasa Limited,Dreamly,-178.61,-133.84,CHARGEBACK,Nigeria,0.0,-0.0,-0.0
2025,10,Metasa Limited,Dreamly,995.76,995.76,CAPTURE_FEE,Burundi,0.0,0.0,0.0
2025,10,,,-55.09,-55.09,CHARGEBACK,South Africa,0.0,-0.0,-0.0
2025,10,Metasa Limited,Dreamly,979.79,728.74,SALE,Eswatini,0.0,0.0,0.0
2025,10,Proto Group Ltd.,Intelico,-307.92,-266.18,REFUND,Korea (the Democratic People's Republic of),0.0,-0.0,-0.0
2025,10,Metasa Limited,Dreamly,860.19,640.64,CAPTURE_FEE,Madagascar,0.0,0.0,0.0
2025,10,Proto Group Ltd.,Intelico,33.12,33.12,VAT,Taiwan (Province of China),0.0,0.0,0.0
2025,10,Metasa Limited,Intelico,915.01,678.94,SALE,Mayotte,0.0,0.0,0.0
2025,10,Metasa Limited,,129.76,111.35,CAPTURE_FEE,Mozambique,0.0,0.0,0.0
2025,10,,Intelico,-32.31,-27.93,CHARGEBACK,Comoros (the),0.0,-0.0,-0.0
2025,10,Metasa Limited,Intelico,136.16,101.31,DISCOUNT_FEE,Austria,20.0,0.0,0.0
2025,10,Metasa Limited,,532.43,532.43,DISCOUNT_FEE,Mali,0.0,0.0,0.0
2025,10,Proto Group Ltd.,Intelico,598.07,598.07,CAPTURE_FEE,Mali,0.0,0.0,0.0
2025,10,,Intelico,264.61,198.17,SALE,Peru,0.0,0.0,0.0
2025,10,Metasa Limited,Intelico,-116.66,-86.8,CHARGEBACK,Bangladesh,0.0,-0.0,-0.0
2025,10,Metasa Limited,,90.45,77.71,SALE,Colombia,0.0,0.0,0.0
2025,10,Metasa Limited,Dreamly,444.48,332.9,SALE,Saint Martin (French part),0.0,0.0,0.0
2025,10,,Dreamly,658.96,495.24,DISCOUNT_FEE,United States Minor Outlying Islands (the),0.0,0.0,0.0
2025,10,Metasa Limited,Intelico,683.46,517.53,VAT,Australia,0.0,0.0,0.0
2025,10,Proto Group Ltd.,Intelico,136.81,136.81,SALE,Japan,0.0,0.0,0.0
2025,10,Metasa Limited,Intelico,447.88,335.99,SALE,France,20.0,89.57600000000001,67.2
2025,10,Metasa Limited,Dreamly,642.94,642.94,SALE,Bermuda,0.0,0.0,0.0
2025,10,Metasa Limited,Dreamly,403.87,403.87,SALE,Uzbekistan,0.0,0.0,0.0
2025,10,Metasa Limited,,411.25,353.09,SALE,Kuwait,0.0,0.0,0.0
2025,10,Proto Group Ltd.,Intelico,942.17,811.46,CAPTURE_FEE,Heard Island and McDonald Islands,0.0,0.0,0.0
2025,10,Metasa Limited,Intelico,485.84,485.84,SALE,Guyana,0.0,0.0,0.0
2025,10,Proto Group Ltd.,Intelico,162.27,139.65,CAPTURE_FEE,Bahamas (the),0.0,0.0,0.0
2025,10,Metasa Limited,Intelico,856.29,737.5,DISCOUNT_FEE,Tajikistan,0.0,0.0,0.0
2025,10,,,-961.45,-961.45,CHARGEBACK,Senegal,0.0,-0.0,-0.0
2025,10,,Dreamly,-732.25,-732.25,CHARGEBACK,Pakistan,0.0,-0.0,-0.0
2025,10,Proto Group Ltd.,Intelico,-592.98,-444.1,CHARGEBACK,Niue,0.0,-0.0,-0.0
2025,10,Metasa Limited,Intelico,-551.37,-551.37,CHARGEBACK,Uruguay,0.0,-0.0,-0.0
2025,10,Metasa Limited,Dreamly,544.88,467.84,CAPTURE_FEE,Turkmenistan,0.0,0.0,0.0
2025,10,Proto Group Ltd.,Dreamly,324.59,243.09,CAPTURE_FEE,Eritrea,0.0,0.0,0.0
2025,10,,Intelico,498.64,498.64,CAPTURE_FEE,Ukraine,0.0,0.0,0.0
2025,10,,Dreamly,-106.97,-106.97,REFUND,Greece,0.0,-0.0,-0.0
2025,10,Metasa Limited,Intelico,212.51,212.51,DISCOUNT_FEE,Norfolk Island,0.0,0.0,0.0
2025,10,,Dreamly,-595.79,-446.99,REFUND,South Sudan,0.0,-0.0,-0.0
2025,10,,,-983.0,-838.03,CHARGEBACK,Bermuda,0.0,-0.0,-0.0
2025,10,,,931.68,802.88,VAT,Mali,0.0,0.0,0.0
2025,10,Proto Group Ltd.,,206.24,176.92,VAT,New Caledonia,0.0,0.0,0.0
2025,10,Metasa Limited,,-14.27,-14.27,CHARGEBACK,Angola,0.0,-0.0,-0.0
2025,10,Metasa Limited,,51.78,51.78,DISCOUNT_FEE,Dominican Republic (the),0.0,0.0,0.0
2025,10,,,-339.54,-258.14,CHARGEBACK,Slovakia,23.0,-78.09420000000001,-59.37
2025,10,,,-268.89,-268.89,CHARGEBACK,Denmark,25.0,-67.2225,-67.22
2025,10,Proto Group Ltd.,,650.16,559.47,CAPTURE_FEE,Wallis and Futuna,0.0,0.0,0.0
2025,10,Proto Group Ltd.,Dreamly,-12.58,-10.83,CHARGEBACK,Sao Tome and Principe,0.0,-0.0,-0.0
2025,10,Metasa Limited,Intelico,460.46,460.46,VAT,Pakistan,0.0,0.0,0.0
2025,10,Proto Group Ltd.,,71.64,61.67,DISCOUNT_FEE,American Samoa,0.0,0.0,0.0
2025,10,Proto Group Ltd.,,-412.17,-412.17,REFUND,"Bonaire, Sint Eustatius and Saba",0.0,-0.0,-0.0
2025,10,Metasa Limited,,961.19,961.19,CAPTURE_FEE,Tunisia,0.0,0.0,0.0
2025,10,,Dreamly,0.58,0.43,DISCOUNT_FEE,New Caledonia,0.0,0.0,0.0
2025,10,Metasa Limited,,282.55,282.55,CAPTURE_FEE,France,20.0,0.0,0.0
2025,10,Proto Group Ltd.,,704.08,527.3,CAPTURE_FEE,Congo (the),0.0,0.0,0.0
2025,10,,,113.27,113.27,VAT,Argentina,0.0,0.0,0.0
2025,10,,Dreamly,491.42,364.43,SALE,Togo,0.0,0.0,0.0
2025,10,Metasa Limited,Dreamly,819.81,819.81,CAPTURE_FEE,Malawi,0.0,0.0,0.0
2025,10,,Intelico,-789.81,-586.04,CHARGEBACK,"Tanzania, the United Republic of",0.0,-0.0,-0.0
2025,10,Metasa Limited,,-627.86,-470.79,REFUND,France,20.0,-125.572,-94.16
2025,10,Proto Group Ltd.,Dreamly,-884.48,-759.93,REFUND,Tuvalu,0.0,-0.0,-0.0
2025,10,,Dreamly,834.27,712.46,SALE,Norway,0.0,0.0,0.0
2025,10,Proto Group Ltd.,Intelico,15.17,13.0,SALE,Namibia,20.0,3.0340000000000003,2.6
2025,10,Metasa Limited,,449.32,337.13,DISCOUNT_FEE,Saint Vincent and the Grenadines,0.0,0.0,0.0
2025,10,Metasa Limited,Dreamly,297.31,255.27,SALE,Angola,0.0,0.0,0.0
2025,10,Metasa Limited,Dreamly,343.53,294.46,VAT,Libya,0.0,0.0,0.0
2025,10,Proto Group Ltd.,Intelico,874.06,656.89,DISCOUNT_FEE,Saudi Arabia,0.0,0.0,0.0
2025,10,,,-376.8,-280.73,REFUND,Oman,0.0,-0.0,-0.0
2025,10,Metasa Limited,Intelico,-104.19,-89.41,CHARGEBACK,Myanmar,0.0,-0.0,-0.0
2025,10,Metasa Limited,,94.59,81.28,CAPTURE_FEE,Lao People's Democratic Republic (the),0.0,0.0,0.0
2025,10,Proto Group Ltd.,,-735.27,-735.27,CHARGEBACK,North Macedonia,0.0,-0.0,-0.0
2025,10,Metasa Limited,Dreamly,-430.3,-319.28,CHARGEBACK,Ukraine,0.0,-0.0,-0.0
2025,10,,,-151.47,-112.33,REFUND,Guinea-Bissau,0.0,-0.0,-0.0
2025,10,Metasa Limited,,641.51,481.3,SALE,Marshall Islands (the),0.0,0.0,0.0
2025,10,,,558.61,558.61,CAPTURE_FEE,Guatemala,0.0,0.0,0.0
2025,10,,Intelico,77.76,66.93,DISCOUNT_FEE,Bermuda,0.0,0.0,0.0
2025,10,Metasa Limited,,665.79,665.79,CAPTURE_FEE,Iceland,0.0,0.0,0.0
2025,10,Metasa Limited,Intelico,-541.58,-464.6,CHARGEBACK,New Caledonia,0.0,-0.0,-0.0
2025,10,Metasa Limited,Dreamly,-333.07,-333.07,REFUND,French Southern Territories (the),0.0,-0.0,-0.0
2025,10,,,-812.93,-812.93,CHARGEBACK,Canada,0.0,-0.0,-0.0
2025,10,Proto Group Ltd.,Dreamly,-781.21,-670.39,REFUND,Viet Nam,0.0,-0.0,-0.0
2025,10,,,435.8,326.78,DISCOUNT_FEE,Martinique,0.0,0.0,0.0
2025,10,Metasa Limited,Intelico,-899.14,-677.9,CHARGEBACK,Russian Federation (the),0.0,-0.0,-0.0
2025,10,Metasa Limited,Intelico,957.95,716.42,DISCOUNT_FEE,Serbia,0.0,0.0,0.0
2025,10,Metasa Limited,Dreamly,963.66,963.66,SALE,Belize,0.0,0.0,0.0
2025,10,,Dreamly,91.28,91.28,VAT,Guinea,0.0,0.0,0.0
2025,10,Metasa Limited,Intelico,654.85,488.13,DISCOUNT_FEE,Lesotho,0.0,0.0,0.0
2025,10,Metasa Limited,,125.81,125.81,CAPTURE_FEE,Guam,0.0,0.0,0.0
2025,10,Proto Group Ltd.,Dreamly,86.0,86.0,CAPTURE_FEE,"Saint Helena, Ascension and Tristan da Cunha",0.0,0.0,0.0
2025,10,,,-667.49,-667.49,CHARGEBACK,El Salvador,0.0,-0.0,-0.0
2025,10,,Intelico,123.27,123.27,SALE,Kyrgyzstan,0.0,0.0,0.0
2025,10,,,-978.65,-978.65,REFUND,Liechtenstein,0.0,-0.0,-0.0
2025,10,,Intelico,778.55,667.52,CAPTURE_FEE,Seychelles,0.0,0.0,0.0
2025,10,Metasa Limited,Dreamly,69.52,69.52,CAPTURE_FEE,Netherlands,21.0,0.0,0.0
2025,10,,,-213.76,-213.76,REFUND,Peru,0.0,-0.0,-0.0
2025,10,Proto Group Ltd.,,803.43,803.43,VAT,Russian Federation (the),0.0,0.0,0.0
2025,10,Metasa Limited,Dreamly,822.14,613.09,SALE,Micronesia (Federated States of),0.0,0.0,0.0
2025,10,,Intelico,-970.94,-970.94,REFUND,"Tanzania, the United Republic of",0.0,-0.0,-0.0
2025,10,Proto Group Ltd.,,-90.87,-78.09,REFUND,Türkiye,0.0,-0.0,-0.0
2025,10,,Dreamly,-570.27,-427.1,CHARGEBACK,Sint Maarten (Dutch part),0.0,-0.0,-0.0
2025,10,,Dreamly,616.0,616.0,SALE,Latvia,21.0,129.35999999999999,129.36
2025,10,Metasa Limited,,-700.8,-521.65,REFUND,Chad,0.0,-0.0,-0.0
2025,10,,Dreamly,571.2,490.01,DISCOUNT_FEE,Turks and Caicos Islands (the),0.0,0.0,0.0
2025,10,Proto Group Ltd.,Intelico,-579.3,-496.81,CHARGEBACK,Saint Kitts and Nevis,0.0,-0.0,-0.0
2025,10,,Dreamly,-75.61,-75.61,REFUND,Viet Nam,0.0,-0.0,-0.0
2025,10,Metasa Limited,Intelico,600.5,512.18,CAPTURE_FEE,Mayotte,0.0,0.0,0.0
2025,10,Proto Group Ltd.,,392.24,336.77,DISCOUNT_FEE,Trinidad and Tobago,0.0,0.0,0.0
2025,10,Metasa Limited,,9.97,8.62,DISCOUNT_FEE,Slovakia,23.0,0.0,0.0
2025,10,,Intelico,226.1,169.64,VAT,Nicaragua,0.0,0.0,0.0
2025,10,Proto Group Ltd.,Intelico,757.2,757.2,VAT,Estonia,24.0,0.0,0.0
2025,10,Metasa Limited,Dreamly,232.31,200.18,DISCOUNT_FEE,Mongolia,0.0,0.0,0.0
2025,10,,,91.86,79.02,VAT,India,0.0,0.0,0.0
2025,10,,Dreamly,809.04,605.91,SALE,Chad,0.0,0.0,0.0
2025,10,,Intelico,823.63,823.63,DISCOUNT_FEE,Malta,18.0,0.0,0.0
2025,10,,Intelico,997.08,742.86,CAPTURE_FEE,Zimbabwe,0.0,0.0,0.0
2025,10,Proto Group Ltd.,Intelico,348.6,348.6,DISCOUNT_FEE,Sierra Leone,0.0,0.0,0.0
2025,10,,,993.59,993.59,DISCOUNT_FEE,Myanmar,0.0,0.0,0.0
2025,10,Proto Group Ltd.,,-329.07,-329.07,CHARGEBACK,Norfolk Island,0.0,-0.0,-0.0
2025,10,Metasa Limited,,544.64,404.13,DISCOUNT_FEE,Brazil,0.0,0.0,0.0
2025,10,Proto Group Ltd.,Dreamly,934.68,796.41,CAPTURE_FEE,Togo,0.0,0.0,0.0
2025,10,,,43.01,43.01,SALE,Canada,0.0,0.0,0.0
2025,10,Metasa Limited,Dreamly,491.78,421.88,CAPTURE_FEE,Saint Vincent and the Grenadines,0.0,0.0,0.0
2025,10,Proto Group Ltd.,,314.5,236.37,CAPTURE_FEE,Nigeria,0.0,0.0,0.0
2025,10,Proto Group Ltd.,Intelico,646.28,646.28,DISCOUNT_FEE,Qatar,0.0,0.0,0.0
2025,10,,Intelico,415.21,312.05,SALE,Central African Republic (the),0.0,0.0,0.0
2025,10,Metasa Limited,Intelico,-865.92,-739.05,CHARGEBACK,Micronesia (Federated States of),0.0,-0.0,-0.0
2025,10,,Dreamly,90.48,90.48,VAT,Ukraine,0.0,0.0,0.0
2025,10,Metasa Limited,Intelico,-848.01,-848.01,REFUND,Antigua and Barbuda,0.0,-0.0,-0.0
2025,10,Metasa Limited,Dreamly,419.56,361.13,DISCOUNT_FEE,Ukraine,0.0,0.0,0.0
2025,10,Metasa Limited,Intelico,167.94,126.62,SALE,Kyrgyzstan,0.0,0.0,0.0
2025,10,Proto Group Ltd.,Dreamly,998.3,998.3,DISCOUNT_FEE,Uruguay,0.0,0.0,0.0
2025,10,Metasa Limited,Intelico,-874.46,-746.97,CHARGEBACK,Mozambique,0.0,-0.0,-0.0
2025,10,Metasa Limited,Dreamly,-934.66,-797.72,CHARGEBACK,Uruguay,0.0,-0.0,-0.0
2025,10,Proto Group Ltd.,,692.03,526.12,VAT,Denmark,25.0,0.0,0.0
2025,10,,,-587.41,-436.11,CHARGEBACK,Curaçao,0.0,-0.0,-0.0
2025,10,Metasa Limited,Intelico,487.61,415.43,CAPTURE_FEE,Niger (the),0.0,0.0,0.0
2025,10,,,560.18,417.74,DISCOUNT_FEE,Djibouti,0.0,0.0,0.0
2025,10,,Intelico,-887.41,-887.41,REFUND,Uzbekistan,0.0,-0.0,-0.0
2025,10,,Intelico,-752.55,-646.58,CHARGEBACK,South Sudan,0.0,-0.0,-0.0
2025,10,,Dreamly,-569.86,-426.78,REFUND,Senegal,0.0,-0.0,-0.0
2025,10,Proto Group Ltd.,Intelico,86.38,86.38,SALE,Canada,0.0,0.0,0.0
2025,10,Proto Group Ltd.,Dreamly,110.56,110.56,DISCOUNT_FEE,Zimbabwe,0.0,0.0,0.0
2025,10,Metasa Limited,Intelico,-796.14,-590.74,REFUND,Zimbabwe,0.0,-0.0,-0.0
2025,10,Proto Group Ltd.,,532.9,454.07,DISCOUNT_FEE,Micronesia (Federated States of),0.0,0.0,0.0
2025,10,Proto Group Ltd.,Dreamly,-718.21,-617.8,CHARGEBACK,Liberia,0.0,-0.0,-0.0
2025,10,Proto Group Ltd.,Intelico,364.9,364.9,VAT,Anguilla,0.0,0.0,0.0
2025,10,Metasa Limited,Intelico,700.64,602.96,VAT,Greece,0.0,0.0,0.0
2025,10,Proto Group Ltd.,Dreamly,-647.95,-482.57,CHARGEBACK,Taiwan (Province of China),0.0,-0.0,-0.0
2025,10,Metasa Limited,,633.5,476.13,SALE,Cambodia,0.0,0.0,0.0
2025,10,Metasa Limited,Intelico,-257.33,-191.45,CHARGEBACK,Bangladesh,0.0,-0.0,-0.0
2025,10,Proto Group Ltd.,Intelico,-504.69,-377.99,REFUND,Sri Lanka,0.0,-0.0,-0.0
2025,10,Proto Group Ltd.,Intelico,196.49,146.12,SALE,New Caledonia,0.0,0.0,0.0
2025,10,Proto Group Ltd.,Intelico,-74.25,-55.22,REFUND,Afghanistan,0.0,-0.0,-0.0
2025,10,Proto Group Ltd.,Dreamly,786.98,586.87,SALE,Yemen,0.0,0.0,0.0
2025,10,Metasa Limited,,-218.13,-163.13,REFUND,Virgin Islands (British),0.0,-0.0,-0.0
2025,10,,Dreamly,795.08,682.66,DISCOUNT_FEE,Congo (the),0.0,0.0,0.0
2025,10,Proto Group Ltd.,,684.16,684.16,CAPTURE_FEE,Azerbaijan,0.0,0.0,0.0
2025,10,,Dreamly,90.27,67.23,DISCOUNT_FEE,Western Sahara*,0.0,0.0,0.0
2025,10,Proto Group Ltd.,,-429.74,-429.74,REFUND,Cambodia,0.0,-0.0,-0.0
2025,10,,Intelico,-903.22,-903.22,REFUND,Belgium,21.0,-189.6762,-189.68
2025,10,Metasa Limited,Intelico,338.89,338.89,DISCOUNT_FEE,Luxembourg,17.0,0.0,0.0
2025,10,Metasa Limited,,653.54,561.51,SALE,Malaysia,0.0,0.0,0.0
2025,10,Metasa Limited,Dreamly,60.16,60.16,VAT,Sao Tome and Principe,0.0,0.0,0.0
2025,10,,Dreamly,974.41,842.83,CAPTURE_FEE,United Kingdom of Great Britain and Northern Ireland (the),0.0,0.0,0.0
2025,10,,Dreamly,746.12,635.4,DISCOUNT_FEE,Australia,0.0,0.0,0.0
2025,10,,Dreamly,829.42,706.64,SALE,New Caledonia,0.0,0.0,0.0
2025,10,Proto Group Ltd.,Dreamly,-640.1,-640.1,CHARGEBACK,Wallis and Futuna,0.0,-0.0,-0.0
2025,10,,Intelico,544.81,409.47,SALE,Aruba,0.0,0.0,0.0
2025,10,Proto Group Ltd.,Dreamly,854.97,636.09,DISCOUNT_FEE,Norfolk Island,0.0,0.0,0.0
2025,10,Proto Group Ltd.,Dreamly,-980.04,-980.04,REFUND,Georgia,0.0,-0.0,-0.0
2025,10,Metasa Limited,,-443.54,-332.18,REFUND,Yemen,0.0,-0.0,-0.0
2025,10,Proto Group Ltd.,Intelico,754.2,565.88,CAPTURE_FEE,Wallis and Futuna,0.0,0.0,0.0
2025,10,,Intelico,751.46,647.21,DISCOUNT_FEE,Ireland,23.0,0.0,0.0
2025,10,Metasa Limited,Intelico,79.01,79.01,CAPTURE_FEE,Gabon,0.0,0.0,0.0
2025,10,Metasa Limited,Dreamly,-718.67,-544.2,REFUND,South Georgia and the South Sandwich Islands,0.0,-0.0,-0.0
2025,10,Proto Group Ltd.,,349.01,300.22,CAPTURE_FEE,Eritrea,0.0,0.0,0.0
2025,10,Metasa Limited,Dreamly,548.84,548.84,DISCOUNT_FEE,Malaysia,0.0,0.0,0.0
2025,10,,Dreamly,211.97,158.75,SALE,Lesotho,0.0,0.0,0.0
2025,10,Proto Group Ltd.,Dreamly,-901.49,-670.51,CHARGEBACK,Guyana,0.0,-0.0,-0.0
2025,10,Metasa Limited,Dreamly,327.2,245.92,SALE,Cabo Verde,0.0,0.0,0.0
2025,10,Proto Group Ltd.,,-730.75,-730.75,REFUND,Kenya,0.0,-0.0,-0.0
2025,10,,,881.74,881.74,CAPTURE_FEE,French Southern Territories (the),0.0,0.0,0.0
2025,10,,,573.77,426.76,SALE,Grenada,0.0,0.0,0.0
2025,10,,Dreamly,717.1,717.1,DISCOUNT_FEE,Saint Kitts and Nevis,0.0,0.0,0.0
2025,10,Proto Group Ltd.,,-793.18,-682.71,CHARGEBACK,Liechtenstein,0.0,-0.0,-0.0
2025,10,,,533.2,533.2,VAT,Norfolk Island,0.0,0.0,0.0
2025,10,Metasa Limited,,219.71,188.77,DISCOUNT_FEE,Wallis and Futuna,0.0,0.0,0.0
2025,10,,Intelico,-892.12,-675.54,REFUND,Ukraine,0.0,-0.0,-0.0
2025,10,,,146.3,146.3,VAT,Jersey,0.0,0.0,0.0
2025,10,Metasa Limited,Intelico,-656.28,-562.54,CHARGEBACK,Côte d'Ivoire,0.0,-0.0,-0.0
2025,10,,,856.85,735.05,SALE,Sint Maarten (Dutch part),0.0,0.0,0.0
2025,10,Metasa Limited,Intelico,166.34,124.58,CAPTURE_FEE,Wallis and Futuna,0.0,0.0,0.0
2025,10,Proto Group Ltd.,Intelico,653.87,653.87,SALE,Ghana,0.0,0.0,0.0
2025,10,Proto Group Ltd.,Dreamly,584.82,498.81,DISCOUNT_FEE,Namibia,20.0,0.0,0.0
2025,10,Metasa Limited,Intelico,203.46,203.46,SALE,Christmas Island,0.0,0.0,0.0
2025,10,Proto Group Ltd.,Dreamly,-456.42,-339.74,CHARGEBACK,"Bonaire, Sint Eustatius and Saba",0.0,-0.0,-0.0
2025,10,Metasa Limited,Dreamly,151.77,129.3,SALE,Central African Republic (the),0.0,0.0,0.0
2025,10,Proto Group Ltd.,,330.74,247.7,DISCOUNT_FEE,Bangladesh,0.0,0.0,0.0
2025,10,,Intelico,-30.62,-30.62,REFUND,Switzerland,0.0,-0.0,-0.0
2025,10,Metasa Limited,Dreamly,-344.02,-294.88,REFUND,Bahamas (the),0.0,-0.0,-0.0
2025,10,,Dreamly,-200.97,-150.69,CHARGEBACK,Nicaragua,0.0,-0.0,-0.0
2025,10,Proto Group Ltd.,,284.86,245.19,CAPTURE_FEE,Kyrgyzstan,0.0,0.0,0.0
2025,10,,,414.63,355.81,VAT,Philippines (the),0.0,0.0,0.0
2025,10,Metasa Limited,Intelico,154.85,132.08,DISCOUNT_FEE,"Tanzania, the United Republic of",0.0,0.0,0.0
2025,10,Proto Group Ltd.,Intelico,697.31,530.14,SALE,French Southern Territories (the),0.0,0.0,0.0
2025,10,Metasa Limited,,-217.8,-217.8,CHARGEBACK,Norway,0.0,-0.0,-0.0
2025,10,Proto Group Ltd.,,-207.74,-178.11,CHARGEBACK,Lithuania,21.0,-43.6254,-37.4
2025,10,,Dreamly,184.34,138.54,VAT,Saudi Arabia,0.0,0.0,0.0
2025,10,,Dreamly,-974.99,-836.15,CHARGEBACK,Brunei Darussalam,0.0,-0.0,-0.0
2025,10,Metasa Limited,Dreamly,-491.08,-421.27,CHARGEBACK,Finland,25.5,-125.2254,-107.43
2025,10,,Intelico,865.44,644.79,DISCOUNT_FEE,China,0.0,0.0,0.0
2025,10,,Dreamly,372.84,372.84,VAT,Sierra Leone,0.0,0.0,0.0
2025,10,Proto Group Ltd.,Intelico,396.14,340.13,VAT,Czech Republic,21.0,0.0,0.0
2025,10,Metasa Limited,,749.41,642.86,VAT,United Arab Emirates (the),0.0,0.0,0.0
2025,10,Metasa Limited,,656.14,498.84,DISCOUNT_FEE,Lesotho,0.0,0.0,0.0
2025,10,,,-807.03,-807.03,CHARGEBACK,Isle of Man,0.0,-0.0,-0.0
2025,10,,Intelico,361.45,308.68,SALE,India,0.0,0.0,0.0
2025,10,,Intelico,-120.68,-103.85,CHARGEBACK,Mexico,0.0,-0.0,-0.0
2025,10,Metasa Limited,Intelico,-995.56,-848.19,REFUND,Seychelles,0.0,-0.0,-0.0
2025,10,,,377.91,286.16,DISCOUNT_FEE,Greenland,0.0,0.0,0.0
2025,10,Proto Group Ltd.,Dreamly,747.56,747.56,VAT,Bhutan,0.0,0.0,0.0
2025,10,Proto Group Ltd.,Intelico,850.14,638.92,SALE,Eritrea,0.0,0.0,0.0
2025,10,Metasa Limited,Intelico,-230.4,-171.74,CHARGEBACK,Namibia,20.0,-46.080000000000005,-34.35
2025,10,,Intelico,154.5,154.5,DISCOUNT_FEE,Honduras,0.0,0.0,0.0
2025,10,Proto Group Ltd.,Dreamly,739.95,739.95,SALE,Cayman Islands (the),0.0,0.0,0.0
2025,10,,Dreamly,131.13,131.13,VAT,Croatia,25.0,0.0,0.0
2025,10,Metasa Limited,Dreamly,-858.62,-739.92,CHARGEBACK,Netherlands,21.0,-180.31019999999998,-155.38
2025,10,,Intelico,145.95,145.95,DISCOUNT_FEE,Lao People's Democratic Republic (the),0.0,0.0,0.0
2025,10,Proto Group Ltd.,Intelico,71.3,60.91,DISCOUNT_FEE,Cyprus,19.0,0.0,0.0
2025,10,Proto Group Ltd.,Dreamly,57.06,57.06,SALE,Faroe Islands (the),0.0,0.0,0.0
2025,10,,Intelico,832.97,832.97,CAPTURE_FEE,French Southern Territories (the),0.0,0.0,0.0
2025,10,Metasa Limited,Intelico,858.55,858.55,CAPTURE_FEE,Kiribati,0.0,0.0,0.0
2025,10,Metasa Limited,,946.63,818.8,SALE,Eritrea,0.0,0.0,0.0
2025,10,Proto Group Ltd.,Intelico,-216.17,-216.17,REFUND,Gibraltar,0.0,-0.0,-0.0
2025,10,,,64.88,55.86,VAT,Isle of Man,0.0,0.0,0.0
2025,10,Proto Group Ltd.,Intelico,-214.37,-184.63,CHARGEBACK,Madagascar,0.0,-0.0,-0.0
2025,10,,Dreamly,177.02,177.02,CAPTURE_FEE,Solomon Islands,0.0,0.0,0.0
2025,10,Proto Group Ltd.,Intelico,230.63,230.63,DISCOUNT_FEE,Hungary,27.0,0.0,0.0
2025,10,Proto Group Ltd.,,-465.13,-396.28,CHARGEBACK,Fiji,0.0,-0.0,-0.0
2025,10,Proto Group Ltd.,,940.86,807.39,SALE,Latvia,21.0,197.5806,169.55
2025,10,Proto Group Ltd.,Intelico,639.02,478.6,SALE,Ukraine,0.0,0.0,0.0
2025,10,Metasa Limited,,502.83,433.29,CAPTURE_FEE,Saint Pierre and Miquelon,0.0,0.0,0.0
2025,10,Metasa Limited,,540.82,463.94,DISCOUNT_FEE,"Palestine, State of",0.0,0.0,0.0
2025,10,Metasa Limited,,925.87,925.87,DISCOUNT_FEE,Sri Lanka,0.0,0.0,0.0
2025,10,Proto Group Ltd.,Intelico,-452.87,-452.87,REFUND,Ethiopia,0.0,-0.0,-0.0
2025,10,Proto Group Ltd.,Intelico,-74.35,-74.35,REFUND,India,0.0,-0.0,-0.0
2025,10,Metasa Limited,Intelico,329.0,249.13,DISCOUNT_FEE,Cyprus,19.0,0.0,0.0
2025,10,Proto Group Ltd.,,715.76,715.76,CAPTURE_FEE,Samoa,0.0,0.0,0.0
2025,10,,Intelico,68.28,68.28,DISCOUNT_FEE,Angola,0.0,0.0,0.0
2025,10,,Intelico,-442.42,-442.42,REFUND,Saudi Arabia,0.0,-0.0,-0.0
2025,10,,Dreamly,-11.89,-11.89,CHARGEBACK,Malta,18.0,-2.1402,-2.14
2025,10,,,242.88,209.96,DISCOUNT_FEE,Viet Nam,0.0,0.0,0.0
2025,10,Metasa Limited,Intelico,864.83,646.78,VAT,Timor-Leste,0.0,0.0,0.0
2025,10,Proto Group Ltd.,,-91.36,-68.04,CHARGEBACK,Guatemala,0.0,-0.0,-0.0
2025,10,,Dreamly,600.25,600.25,VAT,Benin,0.0,0.0,0.0
2025,10,Metasa Limited,,959.42,829.86,SALE,"Tanzania, the United Republic of",0.0,0.0,0.0
2025,10,,,795.57,684.6,CAPTURE_FEE,Réunion,0.0,0.0,0.0
2025,10,Metasa Limited,Dreamly,343.29,254.87,VAT,Djibouti,0.0,0.0,0.0
2025,10,,Dreamly,229.07,229.07,SALE,French Guiana,0.0,0.0,0.0
2025,10,Metasa Limited,Dreamly,523.71,523.71,VAT,Luxembourg,17.0,0.0,0.0
2025,10,Proto Group Ltd.,Intelico,-839.42,-839.42,REFUND,Libya,0.0,-0.0,-0.0
2025,10,Metasa Limited,,53.42,45.97,VAT,Slovenia,22.0,0.0,0.0
2025,10,Metasa Limited,Intelico,-260.1,-194.79,REFUND,Tuvalu,0.0,-0.0,-0.0
2025,10,,,-130.26,-130.26,REFUND,Faroe Islands (the),0.0,-0.0,-0.0
2025,10,Metasa Limited,Intelico,-113.55,-113.55,CHARGEBACK,Eswatini,0.0,-0.0,-0.0
2025,10,Proto Group Ltd.,Intelico,-744.19,-565.78,CHARGEBACK,Guam,0.0,-0.0,-0.0
2025,10,Proto Group Ltd.,Intelico,-665.58,-499.08,CHARGEBACK,Hong Kong,0.0,-0.0,-0.0
2025,10,,,166.75,124.88,SALE,Uruguay,0.0,0.0,0.0
2025,10,Metasa Limited,Dreamly,557.66,415.33,VAT,Timor-Leste,0.0,0.0,0.0
2025,10,Metasa Limited,Dreamly,171.2,171.2,VAT,Bosnia and Herzegovina,0.0,0.0,0.0
2025,10,,Dreamly,1.32,0.99,DISCOUNT_FEE,Djibouti,0.0,0.0,0.0
2025,10,Proto Group Ltd.,Intelico,676.93,507.87,VAT,Israel,0.0,0.0,0.0
2025,10,Proto Group Ltd.,Dreamly,-60.35,-60.35,REFUND,Cuba,0.0,-0.0,-0.0
2025,10,,Dreamly,-800.39,-595.49,REFUND,Canada,0.0,-0.0,-0.0
2025,10,,Dreamly,598.26,598.26,CAPTURE_FEE,Antigua and Barbuda,0.0,0.0,0.0
2025,10,,,607.92,523.31,DISCOUNT_FEE,Seychelles,0.0,0.0,0.0
2025,10,Metasa Limited,Intelico,-97.32,-97.32,REFUND,Lao People's Democratic Republic (the),0.0,-0.0,-0.0
2025,10,Proto Group Ltd.,,925.81,797.78,SALE,Belize,0.0,0.0,0.0
2025,10,,Dreamly,376.09,321.18,VAT,Syrian Arab Republic (the),0.0,0.0,0.0
2025,10,Proto Group Ltd.,Intelico,484.67,413.39,SALE,Papua New Guinea,0.0,0.0,0.0
2025,10,Proto Group Ltd.,Dreamly,685.78,590.97,SALE,Ireland,23.0,157.7294,135.92
2025,10,Proto Group Ltd.,Intelico,475.31,404.78,SALE,San Marino,0.0,0.0,0.0
2025,10,Proto Group Ltd.,Dreamly,-285.15,-213.57,CHARGEBACK,Lesotho,0.0,-0.0,-0.0
2025,10,Proto Group Ltd.,Dreamly,417.52,358.79,SALE,Zambia,0.0,0.0,0.0
2025,10,Proto Group Ltd.,Dreamly,567.63,567.63,DISCOUNT_FEE,"Tanzania, the United Republic of",0.0,0.0,0.0
2025,10,Metasa Limited,Dreamly,751.12,751.12,CAPTURE_FEE,San Marino,0.0,0.0,0.0
2025,10,,Dreamly,452.58,452.58,VAT,Nicaragua,0.0,0.0,0.0
2025,10,,Dreamly,-282.51,-282.51,REFUND,Turks and Caicos Islands (the),0.0,-0.0,-0.0
2025,10,Metasa Limited,,-954.9,-725.97,REFUND,Åland Islands,0.0,-0.0,-0.0
2025,10,Metasa Limited,,281.64,281.64,CAPTURE_FEE,Azerbaijan,0.0,0.0,0.0
2025,10,,Intelico,216.82,186.64,VAT,Curaçao,0.0,0.0,0.0
2025,10,Metasa Limited,Dreamly,462.18,462.18,CAPTURE_FEE,Mozambique,0.0,0.0,0.0
2025,10,,,-595.08,-514.43,CHARGEBACK,Turks and Caicos Islands (the),0.0,-0.0,-0.0
2025,10,Metasa Limited,,-84.24,-72.82,CHARGEBACK,Equatorial Guinea,0.0,-0.0,-0.0
2025,10,Proto Group Ltd.,Dreamly,161.4,120.88,SALE,Russian Federation (the),0.0,0.0,0.0
2025,10,,Intelico,-577.44,-433.23,REFUND,Nauru,0.0,-0.0,-0.0
2025,10,Proto Group Ltd.,,-676.82,-583.22,CHARGEBACK,South Sudan,0.0,-0.0,-0.0
2025,10,Proto Group Ltd.,Dreamly,196.21,147.13,VAT,Bahrain,0.0,0.0,0.0
2025,10,Metasa Limited,,-848.45,-848.45,REFUND,Saudi Arabia,0.0,-0.0,-0.0
2025,10,,Intelico,765.01,572.94,VAT,Armenia,0.0,0.0,0.0
2025,10,,,-660.31,-660.31,CHARGEBACK,Kazakhstan,0.0,-0.0,-0.0
2025,10,Metasa Limited,,744.43,643.53,SALE,Svalbard and Jan Mayen,0.0,0.0,0.0
2025,10,Metasa Limited,,889.17,757.55,VAT,Cyprus,19.0,0.0,0.0
2025,10,Proto Group Ltd.,,-182.0,-136.38,REFUND,Italy,22.0,-40.04,-30.0
2025,10,,Intelico,504.64,432.91,SALE,Guadeloupe,0.0,0.0,0.0
2025,10,Proto Group Ltd.,Intelico,780.83,582.09,CAPTURE_FEE,Kuwait,0.0,0.0,0.0
2025,10,Metasa Limited,Dreamly,451.54,451.54,VAT,Peru,0.0,0.0,0.0
2025,10,Metasa Limited,Intelico,751.03,557.59,VAT,Fiji,0.0,0.0,0.0
2025,10,Metasa Limited,Dreamly,-479.0,-358.92,REFUND,Malta,18.0,-86.22,-64.61
2025,10,Proto Group Ltd.,Dreamly,365.2,311.14,VAT,Barbados,0.0,0.0,0.0
2025,10,,Dreamly,163.68,122.73,DISCOUNT_FEE,Viet Nam,0.0,0.0,0.0
2025,10,Proto Group Ltd.,,-126.67,-95.03,REFUND,Egypt,0.0,-0.0,-0.0
2025,10,Proto Group Ltd.,Dreamly,303.96,303.96,DISCOUNT_FEE,Korea (the Democratic People's Republic of),0.0,0.0,0.0
2025,10,Metasa Limited,Intelico,-463.36,-343.82,REFUND,Seychelles,0.0,-0.0,-0.0
2025,10,,,933.23,933.23,CAPTURE_FEE,Lebanon,0.0,0.0,0.0
2025,10,Proto Group Ltd.,Dreamly,381.66,330.12,SALE,Qatar,0.0,0.0,0.0
2025,10,Proto Group Ltd.,,-364.98,-270.97,REFUND,Holy See (the),0.0,-0.0,-0.0
2025,10,,,982.36,738.33,VAT,Kyrgyzstan,0.0,0.0,0.0
2025,10,Metasa Limited,,-565.56,-485.59,CHARGEBACK,Luxembourg,17.0,-96.1452,-82.55
2025,10,,Intelico,104.22,89.65,VAT,Bosnia and Herzegovina,0.0,0.0,0.0
2025,10,Proto Group Ltd.,,696.64,696.64,CAPTURE_FEE,San Marino,0.0,0.0,0.0
2025,10,Proto Group Ltd.,Dreamly,417.98,360.18,SALE,Haiti,0.0,0.0,0.0
2025,10,Proto Group Ltd.,Dreamly,-999.22,-999.22,REFUND,Bolivia (Plurinational State of),0.0,-0.0,-0.0
2025,10,,Dreamly,-204.57,-175.4,REFUND,Congo (the),0.0,-0.0,-0.0
2025,10,Metasa Limited,Dreamly,-342.67,-342.67,CHARGEBACK,Mayotte,0.0,-0.0,-0.0
2025,10,Proto Group Ltd.,Dreamly,92.02,68.46,DISCOUNT_FEE,Monaco,0.0,0.0,0.0
2025,10,Proto Group Ltd.,,-707.69,-526.78,CHARGEBACK,South Africa,0.0,-0.0,-0.0
2025,10,Proto Group Ltd.,Dreamly,242.23,180.31,CAPTURE_FEE,Niue,0.0,0.0,0.0
2025,10,,,807.46,807.46,DISCOUNT_FEE,Bouvet Island,0.0,0.0,0.0
2025,10,Proto Group Ltd.,Dreamly,232.64,198.23,DISCOUNT_FEE,Poland,23.0,0.0,0.0
2025,10,Proto Group Ltd.,Intelico,240.16,178.2,CAPTURE_FEE,Western Sahara*,0.0,0.0,0.0
2025,10,Proto Group Ltd.,Dreamly,942.4,942.4,SALE,Ghana,0.0,0.0,0.0
2025,10,Metasa Limited,,799.5,688.23,VAT,Yemen,0.0,0.0,0.0
2025,10,Proto Group Ltd.,Dreamly,966.56,719.86,VAT,Ghana,0.0,0.0,0.0
2025,10,,Intelico,-313.67,-269.92,REFUND,South Sudan,0.0,-0.0,-0.0
2025,10,Proto Group Ltd.,,446.04,383.3,SALE,Antigua and Barbuda,0.0,0.0,0.0
2025,10,Proto Group Ltd.,,936.44,698.09,VAT,Colombia,0.0,0.0,0.0
2025,10,Metasa Limited,Dreamly,112.7,96.08,VAT,Ireland,23.0,0.0,0.0
2025,10,,Intelico,283.53,244.0,SALE,Mali,0.0,0.0,0.0
2025,10,,,966.55,720.78,VAT,Comoros (the),0.0,0.0,0.0
2025,10,Metasa Limited,Dreamly,495.76,495.76,SALE,Svalbard and Jan Mayen,0.0,0.0,0.0
2025,10,Metasa Limited,Dreamly,-461.52,-343.73,CHARGEBACK,Lithuania,21.0,-96.91919999999999,-72.18
2025,10,Metasa Limited,Dreamly,652.42,484.38,SALE,Mongolia,0.0,0.0,0.0
2025,10,Proto Group Ltd.,Intelico,184.25,137.79,DISCOUNT_FEE,South Africa,0.0,0.0,0.0
2025,10,Metasa Limited,Intelico,702.62,607.74,VAT,Gibraltar,0.0,0.0,0.0
2025,10,Proto Group Ltd.,Intelico,121.81,121.81,CAPTURE_FEE,Norfolk Island,0.0,0.0,0.0
2025,10,Metasa Limited,,775.22,665.0,VAT,Curaçao,0.0,0.0,0.0
2025,10,Metasa Limited,,808.75,599.76,SALE,Dominica,0.0,0.0,0.0
2025,10,,,-633.12,-633.12,CHARGEBACK,French Polynesia,0.0,-0.0,-0.0
2025,10,Proto Group Ltd.,,315.17,236.04,SALE,South Georgia and the South Sandwich Islands,0.0,0.0,0.0
2025,10,,Dreamly,-449.04,-335.82,REFUND,Madagascar,0.0,-0.0,-0.0
2025,10,Metasa Limited,Dreamly,-424.31,-317.78,REFUND,Lebanon,0.0,-0.0,-0.0
2025,10,Proto Group Ltd.,Intelico,939.75,806.17,VAT,Germany,19.0,0.0,0.0
2025,10,Metasa Limited,,829.12,829.12,DISCOUNT_FEE,Hungary,27.0,0.0,0.0
2025,10,Proto Group Ltd.,Intelico,509.51,382.26,SALE,Senegal,0.0,0.0,0.0
2025,10,,,897.99,897.99,CAPTURE_FEE,Tonga,0.0,0.0,0.0
2025,10,,Intelico,-910.74,-781.05,REFUND,Morocco,0.0,-0.0,-0.0
2025,10,Metasa Limited,Dreamly,3.86,2.9,VAT,Antigua and Barbuda,0.0,0.0,0.0
2025,10,Metasa Limited,,446.63,446.63,DISCOUNT_FEE,French Southern Territories (the),0.0,0.0,0.0
2025,10,Metasa Limited,Dreamly,-211.85,-161.06,REFUND,China,0.0,-0.0,-0.0
2025,10,Proto Group Ltd.,,436.6,436.6,VAT,Ireland,23.0,0.0,0.0
2025,10,Metasa Limited,Intelico,-987.15,-987.15,CHARGEBACK,Cocos (Keeling) Islands (the),0.0,-0.0,-0.0
2025,10,Metasa Limited,Intelico,668.31,500.77,SALE,Mali,0.0,0.0,0.0
2025,10,,Dreamly,-44.74,-33.22,CHARGEBACK,Albania,0.0,-0.0,-0.0
2025,10,Metasa Limited,Intelico,546.15,469.97,CAPTURE_FEE,Austria,20.0,0.0,0.0
2025,10,,Intelico,-953.7,-812.52,CHARGEBACK,Aruba,0.0,-0.0,-0.0
2025,10,Metasa Limited,Intelico,124.16,106.03,CAPTURE_FEE,Russian Federation (the),0.0,0.0,0.0
2025,10,Proto Group Ltd.,,837.11,713.66,SALE,Monaco,0.0,0.0,0.0
2025,10,Metasa Limited,,854.47,729.28,SALE,Guatemala,0.0,0.0,0.0
2025,10,Metasa Limited,,988.69,842.88,SALE,Qatar,0.0,0.0,0.0
2025,10,,Dreamly,-121.05,-121.05,CHARGEBACK,Norfolk Island,0.0,-0.0,-0.0
2025,10,Metasa Limited,Intelico,886.28,755.57,DISCOUNT_FEE,Uzbekistan,0.0,0.0,0.0
2025,10,Proto Group Ltd.,Dreamly,293.19,218.54,SALE,Zimbabwe,0.0,0.0,0.0
2025,10,Proto Group Ltd.,Dreamly,561.1,418.04,VAT,American Samoa,0.0,0.0,0.0
2025,10,,Dreamly,-781.42,-585.22,REFUND,Hungary,27.0,-210.9834,-158.01
2025,10,Proto Group Ltd.,Dreamly,294.16,252.78,DISCOUNT_FEE,Monaco,0.0,0.0,0.0
2025,10,,Dreamly,680.28,585.6,DISCOUNT_FEE,Croatia,25.0,0.0,0.0
2025,10,,Intelico,911.54,911.54,DISCOUNT_FEE,Seychelles,0.0,0.0,0.0
2025,10,Metasa Limited,Intelico,160.98,120.98,DISCOUNT_FEE,Norfolk Island,0.0,0.0,0.0
2025,10,Proto Group Ltd.,Intelico,450.49,334.27,SALE,Turkmenistan,0.0,0.0,0.0
2025,10,Metasa Limited,Dreamly,581.8,495.46,DISCOUNT_FEE,South Sudan,0.0,0.0,0.0
2025,10,,Dreamly,-147.28,-127.32,CHARGEBACK,Gabon,0.0,-0.0,-0.0
2025,10,Proto Group Ltd.,,150.03,128.93,DISCOUNT_FEE,Ireland,23.0,0.0,0.0
2025,10,,Dreamly,772.66,772.66,DISCOUNT_FEE,Morocco,0.0,0.0,0.0
2025,10,Proto Group Ltd.,Dreamly,815.88,606.74,CAPTURE_FEE,Nepal,0.0,0.0,0.0
2025,10,,Intelico,392.49,392.49,CAPTURE_FEE,Armenia,0.0,0.0,0.0
2025,10,Metasa Limited,Dreamly,42.34,42.34,VAT,Vanuatu,0.0,0.0,0.0
2025,10,Metasa Limited,Intelico,651.26,560.76,CAPTURE_FEE,Costa Rica,0.0,0.0,0.0
2025,10,,,-521.72,-521.72,REFUND,Estonia,24.0,-125.2128,-125.21
2025,10,,Dreamly,-984.44,-838.71,CHARGEBACK,Fiji,0.0,-0.0,-0.0
2025,10,,,169.42,169.42,DISCOUNT_FEE,Singapore,0.0,0.0,0.0
2025,10,Proto Group Ltd.,Dreamly,626.39,626.39,DISCOUNT_FEE,Congo (the),0.0,0.0,0.0
2025,10,,Intelico,-447.97,-386.04,CHARGEBACK,Northern Mariana Islands (the),0.0,-0.0,-0.0
2025,10,,Dreamly,373.78,373.78,VAT,Albania,0.0,0.0,0.0
2025,10,,Dreamly,924.22,692.53,VAT,Samoa,0.0,0.0,0.0
2025,10,,,518.76,518.76,SALE,Mozambique,0.0,0.0,0.0
2025,10,Metasa Limited,Intelico,664.86,664.86,DISCOUNT_FEE,Austria,20.0,0.0,0.0
2025,10,,Intelico,-325.59,-241.73,CHARGEBACK,Türkiye,0.0,-0.0,-0.0
2025,10,Proto Group Ltd.,Intelico,243.96,207.87,SALE,Nepal,0.0,0.0,0.0
2025,10,Proto Group Ltd.,Dreamly,32.42,27.8,VAT,Namibia,20.0,0.0,0.0
2025,10,,,-905.52,-905.52,REFUND,Thailand,0.0,-0.0,-0.0
2025,10,,,495.62,426.75,DISCOUNT_FEE,Pakistan,0.0,0.0,0.0
2025,10,Metasa Limited,Intelico,458.7,458.7,VAT,Tonga,0.0,0.0,0.0
2025,10,Metasa Limited,Intelico,298.92,223.87,VAT,Djibouti,0.0,0.0,0.0
2025,10,Metasa Limited,Dreamly,145.86,145.86,SALE,China,0.0,0.0,0.0
2025,10,,Intelico,739.11,639.3,VAT,Zambia,0.0,0.0,0.0
2025,10,Proto Group Ltd.,Intelico,-228.84,-169.8,REFUND,Wallis and Futuna,0.0,-0.0,-0.0
2025,10,,Dreamly,-532.91,-532.91,REFUND,Isle of Man,0.0,-0.0,-0.0
2025,10,,Dreamly,894.71,771.02,CAPTURE_FEE,Morocco,0.0,0.0,0.0
2025,10,Metasa Limited,Dreamly,53.76,45.8,DISCOUNT_FEE,Albania,0.0,0.0,0.0
2025,10,Proto Group Ltd.,,-803.08,-803.08,REFUND,Somalia,0.0,-0.0,-0.0
2025,10,Metasa Limited,Intelico,-495.45,-425.68,REFUND,Saudi Arabia,0.0,-0.0,-0.0
2025,10,Proto Group Ltd.,,975.2,838.03,DISCOUNT_FEE,Timor-Leste,0.0,0.0,0.0
2025,10,Metasa Limited,Intelico,-549.61,-472.3,REFUND,Afghanistan,0.0,-0.0,-0.0
2025,10,Metasa Limited,Intelico,51.42,38.58,CAPTURE_FEE,Saint Vincent and the Grenadines,0.0,0.0,0.0
2025,10,Metasa Limited,Intelico,221.5,164.72,VAT,Czech Republic,21.0,0.0,0.0
2025,10,Metasa Limited,Intelico,-949.59,-949.59,REFUND,Turks and Caicos Islands (the),0.0,-0.0,-0.0
2025,10,Proto Group Ltd.,,136.79,103.13,SALE,Isle of Man,0.0,0.0,0.0
2025,10,,,437.11,437.11,SALE,Canada,0.0,0.0,0.0
2025,10,,Intelico,38.27,32.93,VAT,Sri Lanka,0.0,0.0,0.0
2025,10,,Intelico,674.3,674.3,CAPTURE_FEE,Russian Federation (the),0.0,0.0,0.0
2025,10,,Dreamly,-473.98,-355.41,REFUND,Guadeloupe,0.0,-0.0,-0.0
2025,10,Proto Group Ltd.,,980.62,729.94,DISCOUNT_FEE,Aruba,0.0,0.0,0.0
2025,10,Metasa Limited,Intelico,-446.6,-332.61,CHARGEBACK,Zambia,0.0,-0.0,-0.0
2025,10,,Intelico,179.63,179.63,CAPTURE_FEE,New Zealand,0.0,0.0,0.0
2025,10,,Intelico,529.81,392.9,DISCOUNT_FEE,Papua New Guinea,0.0,0.0,0.0
2025,10,,Intelico,-731.09,-731.09,CHARGEBACK,Algeria,0.0,-0.0,-0.0
2025,10,Metasa Limited,,80.63,69.36,VAT,Tuvalu,0.0,0.0,0.0
2025,10,,,-998.5,-998.5,REFUND,Liechtenstein,0.0,-0.0,-0.0
2025,10,Proto Group Ltd.,,523.9,450.66,DISCOUNT_FEE,Bulgaria,20.0,0.0,0.0
2025,10,Metasa Limited,Dreamly,-561.04,-561.04,CHARGEBACK,Turks and Caicos Islands (the),0.0,-0.0,-0.0
2025,10,Metasa Limited,Intelico,713.78,531.09,CAPTURE_FEE,Egypt,0.0,0.0,0.0
2025,10,Proto Group Ltd.,Intelico,334.84,249.47,VAT,Guyana,0.0,0.0,0.0
2025,10,Metasa Limited,Dreamly,-219.71,-189.13,REFUND,Heard Island and McDonald Islands,0.0,-0.0,-0.0
2025,10,,Intelico,-437.31,-324.31,REFUND,Rwanda,0.0,-0.0,-0.0
2025,10,,Intelico,-170.89,-170.89,CHARGEBACK,Croatia,25.0,-42.7225,-42.72
2025,10,Metasa Limited,Dreamly,-420.22,-363.27,CHARGEBACK,Palau,0.0,-0.0,-0.0
2025,10,Metasa Limited,,850.84,850.84,VAT,French Guiana,0.0,0.0,0.0
2025,10,Metasa Limited,Intelico,140.19,140.19,VAT,Niger (the),0.0,0.0,0.0
2025,10,Proto Group Ltd.,Intelico,852.65,639.64,SALE,Denmark,25.0,213.1625,159.91
2025,10,Proto Group Ltd.,,696.78,593.71,VAT,Azerbaijan,0.0,0.0,0.0
2025,10,Proto Group Ltd.,Dreamly,454.14,454.14,SALE,Venezuela (Bolivarian Republic of),0.0,0.0,0.0
2025,10,,Dreamly,993.93,855.81,DISCOUNT_FEE,Liechtenstein,0.0,0.0,0.0
2025,10,,,-843.87,-724.53,CHARGEBACK,Wallis and Futuna,0.0,-0.0,-0.0
2025,10,Proto Group Ltd.,Intelico,694.95,694.95,VAT,Equatorial Guinea,0.0,0.0,0.0
2025,10,,Dreamly,152.45,113.42,CAPTURE_FEE,Greece,0.0,0.0,0.0
2025,10,,,904.03,904.03,SALE,Cocos (Keeling) Islands (the),0.0,0.0,0.0
2025,10,,Intelico,305.9,305.9,VAT,French Guiana,0.0,0.0,0.0
2025,10,Proto Group Ltd.,Intelico,648.07,648.07,DISCOUNT_FEE,Comoros (the),0.0,0.0,0.0
2025,10,Proto Group Ltd.,,-380.61,-283.09,REFUND,Kuwait,0.0,-0.0,-0.0
2025,10,Proto Group Ltd.,Dreamly,73.62,54.9,CAPTURE_FEE,United Kingdom of Great Britain and Northern Ireland (the),0.0,0.0,0.0
2025,10,,Intelico,540.85,405.06,SALE,Martinique,0.0,0.0,0.0
2025,10,Metasa Limited,,639.64,550.22,CAPTURE_FEE,Sint Maarten (Dutch part),0.0,0.0,0.0
2025,10,Proto Group Ltd.,,468.81,399.67,DISCOUNT_FEE,Equatorial Guinea,0.0,0.0,0.0
2025,10,Metasa Limited,Intelico,727.58,544.9,CAPTURE_FEE,Mali,0.0,0.0,0.0
2025,10,,Intelico,901.24,775.81,SALE,Cambodia,0.0,0.0,0.0
2025,10,Proto Group Ltd.,Dreamly,419.85,361.81,VAT,Bhutan,0.0,0.0,0.0
2025,10,Metasa Limited,Dreamly,868.98,745.05,DISCOUNT_FEE,Mexico,0.0,0.0,0.0
2025,10,Metasa Limited,,522.91,392.99,VAT,Martinique,0.0,0.0,0.0
2025,10,,Dreamly,-802.57,-802.57,CHARGEBACK,Oman,0.0,-0.0,-0.0
2025,10,,Dreamly,797.42,797.42,SALE,Tuvalu,0.0,0.0,0.0
2025,10,Proto Group Ltd.,Intelico,520.62,520.62,VAT,Ireland,23.0,0.0,0.0
2025,10,,Intelico,129.79,97.2,DISCOUNT_FEE,Taiwan (Province of China),0.0,0.0,0.0
2025,10,Metasa Limited,,471.02,471.02,DISCOUNT_FEE,Antarctica,0.0,0.0,0.0
2025,10,,,434.21,434.21,DISCOUNT_FEE,Timor-Leste,0.0,0.0,0.0
2025,10,Metasa Limited,,169.82,126.29,CAPTURE_FEE,Jordan,0.0,0.0,0.0
2025,10,,Intelico,951.9,707.89,DISCOUNT_FEE,Tuvalu,0.0,0.0,0.0
2025,10,Metasa Limited,,954.76,722.97,DISCOUNT_FEE,Russian Federation (the),0.0,0.0,0.0
2025,10,Proto Group Ltd.,,262.86,195.04,CAPTURE_FEE,Philippines (the),0.0,0.0,0.0
2025,10,,Intelico,-79.25,-59.75,CHARGEBACK,Gibraltar,0.0,-0.0,-0.0
2025,10,Metasa Limited,Dreamly,-315.19,-269.17,REFUND,Finland,25.5,-80.37345,-68.64
2025,10,Metasa Limited,Intelico,19.84,16.93,VAT,Liberia,0.0,0.0,0.0
2025,10,Proto Group Ltd.,,335.39,288.86,CAPTURE_FEE,Montenegro,0.0,0.0,0.0
2025,10,Proto Group Ltd.,Intelico,-655.0,-490.54,CHARGEBACK,Belarus,0.0,-0.0,-0.0
2025,10,,,-660.61,-660.61,REFUND,South Africa,0.0,-0.0,-0.0
2025,10,Metasa Limited,Intelico,361.26,307.78,SALE,Western Sahara*,0.0,0.0,0.0
2025,10,,Intelico,995.13,995.13,CAPTURE_FEE,Philippines (the),0.0,0.0,0.0
2025,10,Proto Group Ltd.,,778.29,577.5,CAPTURE_FEE,Northern Mariana Islands (the),0.0,0.0,0.0
2025,10,Proto Group Ltd.,Dreamly,-81.32,-60.56,CHARGEBACK,Eritrea,0.0,-0.0,-0.0
2025,10,Proto Group Ltd.,,501.26,372.83,CAPTURE_FEE,Congo (the Democratic Republic of the),0.0,0.0,0.0
2025,10,Proto Group Ltd.,Intelico,801.01,689.89,DISCOUNT_FEE,Afghanistan,0.0,0.0,0.0
2025,10,,,389.93,336.0,SALE,Namibia,20.0,77.986,67.2
2025,10,,Intelico,-245.89,-245.89,CHARGEBACK,Côte d'Ivoire,0.0,-0.0,-0.0
2025,10,,Dreamly,-144.87,-124.74,CHARGEBACK,Malawi,0.0,-0.0,-0.0
2025,10,,Dreamly,341.21,253.98,VAT,Viet Nam,0.0,0.0,0.0
2025,10,Proto Group Ltd.,Intelico,484.62,366.97,DISCOUNT_FEE,Serbia,0.0,0.0,0.0
2025,10,,Intelico,271.99,271.99,SALE,South Africa,0.0,0.0,0.0
2025,10,Metasa Limited,Intelico,413.56,413.56,DISCOUNT_FEE,Libya,0.0,0.0,0.0
2025,10,Metasa Limited,Intelico,-679.03,-582.51,REFUND,Malta,18.0,-122.2254,-104.85
2025,10,Metasa Limited,,196.53,169.13,SALE,Dominica,0.0,0.0,0.0
2025,10,,Dreamly,-623.66,-532.28,CHARGEBACK,Mozambique,0.0,-0.0,-0.0
2025,10,,Intelico,908.14,773.71,DISCOUNT_FEE,Dominican Republic (the),0.0,0.0,0.0
2025,10,Metasa Limited,Dreamly,993.63,993.63,VAT,Ireland,23.0,0.0,0.0
2025,10,,Dreamly,121.42,104.2,VAT,India,0.0,0.0,0.0
2025,10,Proto Group Ltd.,,350.8,301.4,VAT,Malaysia,0.0,0.0,0.0
2025,10,Proto Group Ltd.,,431.4,373.14,SALE,Micronesia (Federated States of),0.0,0.0,0.0
2025,10,,,-705.61,-525.52,REFUND,Lesotho,0.0,-0.0,-0.0
2025,10,,Dreamly,-14.08,-10.49,REFUND,Spain,21.0,-2.9568,-2.2
2025,10,,Dreamly,354.87,354.87,DISCOUNT_FEE,Switzerland,0.0,0.0,0.0
2025,10,,,188.86,160.83,DISCOUNT_FEE,Moldova (the Republic of),0.0,0.0,0.0
2025,10,Metasa Limited,Dreamly,582.33,501.82,VAT,Ghana,0.0,0.0,0.0
2025,10,Metasa Limited,,672.6,574.4,SALE,Norway,0.0,0.0,0.0
2025,10,,Intelico,333.27,333.27,VAT,Seychelles,0.0,0.0,0.0
2025,10,Metasa Limited,,869.54,745.53,VAT,Japan,0.0,0.0,0.0
2025,10,Proto Group Ltd.,Dreamly,869.34,869.34,DISCOUNT_FEE,Bouvet Island,0.0,0.0,0.0
2025,10,Proto Group Ltd.,,426.65,363.9,VAT,Seychelles,0.0,0.0,0.0
2025,10,,,332.36,332.36,CAPTURE_FEE,Côte d'Ivoire,0.0,0.0,0.0
2025,10,Proto Group Ltd.,Dreamly,786.76,670.73,SALE,Bosnia and Herzegovina,0.0,0.0,0.0
2025,10,,,878.5,878.5,VAT,Serbia,0.0,0.0,0.0
2025,10,Proto Group Ltd.,Dreamly,-499.41,-371.94,CHARGEBACK,Mayotte,0.0,-0.0,-0.0
2025,10,Metasa Limited,Intelico,-163.12,-121.04,REFUND,Vanuatu,0.0,-0.0,-0.0
2025,10,Proto Group Ltd.,Intelico,-880.58,-880.58,CHARGEBACK,Luxembourg,17.0,-149.69860000000003,-149.7
2025,10,Proto Group Ltd.,,-916.86,-686.7,REFUND,Guadeloupe,0.0,-0.0,-0.0
2025,10,Proto Group Ltd.,Intelico,927.85,927.85,DISCOUNT_FEE,Honduras,0.0,0.0,0.0
2025,10,Metasa Limited,Intelico,795.29,591.52,CAPTURE_FEE,Bulgaria,20.0,0.0,0.0
2025,10,,,837.86,627.82,SALE,Guadeloupe,0.0,0.0,0.0
2025,10,,Intelico,-390.91,-335.34,CHARGEBACK,Libya,0.0,-0.0,-0.0
2025,10,Metasa Limited,,-798.96,-595.04,CHARGEBACK,Philippines (the),0.0,-0.0,-0.0
2025,10,Proto Group Ltd.,Dreamly,543.86,467.83,SALE,Denmark,25.0,135.965,116.96
2025,10,,Intelico,72.37,62.1,CAPTURE_FEE,Morocco,0.0,0.0,0.0
2025,10,Metasa Limited,Intelico,-81.65,-70.02,REFUND,Iceland,0.0,-0.0,-0.0
2025,10,Proto Group Ltd.,,497.52,427.46,CAPTURE_FEE,Greenland,0.0,0.0,0.0
2025,10,,Intelico,982.39,736.96,DISCOUNT_FEE,Grenada,0.0,0.0,0.0
2025,10,Metasa Limited,Dreamly,312.01,312.01,DISCOUNT_FEE,Pitcairn,0.0,0.0,0.0
2025,10,,Intelico,-75.45,-75.45,CHARGEBACK,French Southern Territories (the),0.0,-0.0,-0.0
2025,10,Metasa Limited,Intelico,773.0,665.23,DISCOUNT_FEE,Jordan,0.0,0.0,0.0
2025,10,Metasa Limited,Dreamly,787.71,787.71,CAPTURE_FEE,Uruguay,0.0,0.0,0.0
2025,10,Proto Group Ltd.,Dreamly,998.29,850.51,VAT,Pakistan,0.0,0.0,0.0
2025,10,Metasa Limited,Intelico,750.45,750.45,CAPTURE_FEE,Mexico,0.0,0.0,0.0
2025,10,Proto Group Ltd.,,-540.22,-465.51,CHARGEBACK,Netherlands,21.0,-113.4462,-97.76
2025,10,Proto Group Ltd.,,992.4,744.47,SALE,Korea (the Republic of),0.0,0.0,0.0
2025,10,Proto Group Ltd.,,602.71,447.47,SALE,Lao People's Democratic Republic (the),0.0,0.0,0.0
2025,10,Metasa Limited,,136.79,101.78,SALE,Zambia,0.0,0.0,0.0
2025,10,Proto Group Ltd.,Intelico,127.63,95.0,SALE,South Sudan,0.0,0.0,0.0
2025,10,Proto Group Ltd.,,529.24,529.24,DISCOUNT_FEE,Saint Vincent and the Grenadines,0.0,0.0,0.0
2025,10,,Dreamly,628.54,536.1,SALE,Kazakhstan,0.0,0.0,0.0
2025,10,Proto Group Ltd.,Dreamly,13.21,13.21,VAT,Libya,0.0,0.0,0.0
2025,10,Proto Group Ltd.,Dreamly,-362.12,-311.64,CHARGEBACK,Comoros (the),0.0,-0.0,-0.0
2025,10,,Intelico,189.89,140.98,CAPTURE_FEE,South Sudan,0.0,0.0,0.0
2025,10,,Intelico,798.23,598.13,DISCOUNT_FEE,Trinidad and Tobago,0.0,0.0,0.0
2025,10,Proto Group Ltd.,Intelico,169.39,146.43,CAPTURE_FEE,Ecuador,0.0,0.0,0.0
2025,10,Proto Group Ltd.,,126.48,126.48,VAT,Lithuania,21.0,0.0,0.0
2025,10,,,752.64,645.87,CAPTURE_FEE,Cuba,0.0,0.0,0.0
2025,10,Proto Group Ltd.,Intelico,219.69,219.69,VAT,Christmas Island,0.0,0.0,0.0
2025,10,Metasa Limited,Intelico,700.07,700.07,SALE,Guernsey,0.0,0.0,0.0
2025,10,Metasa Limited,Dreamly,-526.11,-526.11,CHARGEBACK,Cameroon,0.0,-0.0,-0.0
2025,10,Metasa Limited,Dreamly,355.87,355.87,DISCOUNT_FEE,Saint Martin (French part),0.0,0.0,0.0
2025,10,Proto Group Ltd.,Dreamly,510.9,383.96,CAPTURE_FEE,Azerbaijan,0.0,0.0,0.0
2025,10,,Dreamly,22.07,18.99,CAPTURE_FEE,Angola,0.0,0.0,0.0
2025,10,Metasa Limited,Dreamly,-29.29,-25.21,CHARGEBACK,Honduras,0.0,-0.0,-0.0
2025,10,,Dreamly,697.48,600.72,SALE,Christmas Island,0.0,0.0,0.0
2025,10,Metasa Limited,Intelico,-719.98,-719.98,CHARGEBACK,Guyana,0.0,-0.0,-0.0
2025,10,,Intelico,-780.45,-665.67,REFUND,Portugal,23.0,-179.50350000000003,-153.1
2025,10,,Dreamly,732.9,545.27,CAPTURE_FEE,Honduras,0.0,0.0,0.0
2025,10,Proto Group Ltd.,,-642.68,-547.9,CHARGEBACK,Hong Kong,0.0,-0.0,-0.0
2025,10,Proto Group Ltd.,Dreamly,250.42,186.68,VAT,Mongolia,0.0,0.0,0.0
2025,10,,,738.74,549.89,CAPTURE_FEE,Aruba,0.0,0.0,0.0
2025,10,Proto Group Ltd.,,300.85,300.85,SALE,Germany,19.0,57.161500000000004,57.16
2025,10,Metasa Limited,,717.49,717.49,CAPTURE_FEE,North Macedonia,0.0,0.0,0.0
2025,10,,,107.64,80.9,CAPTURE_FEE,Timor-Leste,0.0,0.0,0.0
2025,10,,Dreamly,-374.59,-374.59,CHARGEBACK,Czech Republic,21.0,-78.6639,-78.66
2025,10,Proto Group Ltd.,,701.44,528.85,CAPTURE_FEE,New Zealand,0.0,0.0,0.0
2025,10,Proto Group Ltd.,Dreamly,-395.43,-296.15,REFUND,Türkiye,0.0,-0.0,-0.0
2025,10,,Intelico,482.09,359.05,VAT,British Indian Ocean Territory (the),0.0,0.0,0.0
2025,10,Metasa Limited,Dreamly,-338.2,-250.95,REFUND,Nicaragua,0.0,-0.0,-0.0
2025,10,,,49.33,49.33,CAPTURE_FEE,Jamaica,0.0,0.0,0.0
2025,10,Metasa Limited,Intelico,126.53,108.84,VAT,Saudi Arabia,0.0,0.0,0.0
2025,10,Proto Group Ltd.,,266.53,197.88,CAPTURE_FEE,Viet Nam,0.0,0.0,0.0
2025,10,Proto Group Ltd.,Intelico,-447.24,-381.94,REFUND,"Palestine, State of",0.0,-0.0,-0.0
2025,10,,Intelico,947.18,947.18,VAT,Bhutan,0.0,0.0,0.0
2025,10,Proto Group Ltd.,,-566.17,-420.1,REFUND,North Macedonia,0.0,-0.0,-0.0
2025,10,,,-815.41,-700.71,CHARGEBACK,Dominican Republic (the),0.0,-0.0,-0.0
2025,10,Proto Group Ltd.,Dreamly,-20.54,-20.54,CHARGEBACK,Lebanon,0.0,-0.0,-0.0
2025,10,Metasa Limited,,243.09,181.05,SALE,Cyprus,19.0,46.1871,34.4
2025,10,Proto Group Ltd.,,566.41,420.52,DISCOUNT_FEE,Indonesia,0.0,0.0,0.0
2025,10,Proto Group Ltd.,Dreamly,390.92,390.92,SALE,Mexico,0.0,0.0,0.0
2025,10,Proto Group Ltd.,Intelico,513.66,513.66,VAT,Panama,0.0,0.0,0.0
2025,10,,Intelico,318.72,238.7,SALE,Cuba,0.0,0.0,0.0
2025,10,,Dreamly,-793.15,-595.1,CHARGEBACK,Falkland Islands (the) [Malvinas],0.0,-0.0,-0.0
2025,10,Metasa Limited,Dreamly,371.35,276.8,VAT,Dominica,0.0,0.0,0.0
2025,10,Proto Group Ltd.,Intelico,277.46,277.46,VAT,Croatia,25.0,0.0,0.0
2025,10,,Intelico,-850.6,-850.6,REFUND,Seychelles,0.0,-0.0,-0.0
2025,10,,Intelico,536.52,536.52,SALE,Hungary,27.0,144.8604,144.86
2025,10,,,-509.0,-509.0,CHARGEBACK,Sint Maarten (Dutch part),0.0,-0.0,-0.0
2025,10,,Dreamly,-513.05,-390.05,REFUND,North Macedonia,0.0,-0.0,-0.0
2025,10,,,282.29,282.29,CAPTURE_FEE,Timor-Leste,0.0,0.0,0.0
2025,10,Proto Group Ltd.,,-582.29,-582.29,REFUND,Japan,0.0,-0.0,-0.0
2025,10,,Intelico,405.88,349.14,VAT,France,20.0,0.0,0.0
2025,10,Metasa Limited,,949.94,949.94,DISCOUNT_FEE,Ethiopia,0.0,0.0,0.0
2025,10,Metasa Limited,Dreamly,-621.07,-460.84,REFUND,Nepal,0.0,-0.0,-0.0
2025,10,Proto Group Ltd.,Intelico,555.6,413.79,SALE,Liberia,0.0,0.0,0.0
2025,10,Proto Group Ltd.,,415.16,354.1,VAT,Thailand,0.0,0.0,0.0
2025,10,Metasa Limited,Dreamly,399.39,399.39,DISCOUNT_FEE,Suriname,0.0,0.0,0.0
2025,10,Proto Group Ltd.,Dreamly,949.84,809.24,DISCOUNT_FEE,Australia,0.0,0.0,0.0
2025,10,Metasa Limited,Dreamly,-94.5,-70.12,REFUND,Guernsey,0.0,-0.0,-0.0
2025,10,,Intelico,-27.86,-27.86,REFUND,Uzbekistan,0.0,-0.0,-0.0
2025,10,Metasa Limited,Intelico,374.37,280.39,DISCOUNT_FEE,Palau,0.0,0.0,0.0
2025,10,,Dreamly,106.52,91.79,SALE,Dominican Republic (the),0.0,0.0,0.0
2025,10,Metasa Limited,,-644.95,-555.19,REFUND,Qatar,0.0,-0.0,-0.0
2025,10,Metasa Limited,Intelico,-370.12,-279.05,REFUND,"Tanzania, the United Republic of",0.0,-0.0,-0.0
2025,10,,Intelico,399.88,399.88,SALE,Cambodia,0.0,0.0,0.0
2025,10,Proto Group Ltd.,,89.37,89.37,DISCOUNT_FEE,Azerbaijan,0.0,0.0,0.0
2025,10,,Dreamly,-29.8,-25.54,CHARGEBACK,Botswana,0.0,-0.0,-0.0
2025,10,Metasa Limited,Dreamly,139.41,104.41,SALE,Iraq,0.0,0.0,0.0
2025,10,Proto Group Ltd.,,81.02,69.48,SALE,Monaco,0.0,0.0,0.0
2025,10,Metasa Limited,,816.93,703.99,SALE,Korea (the Democratic People's Republic of),0.0,0.0,0.0
2025,10,Proto Group Ltd.,Intelico,802.51,601.75,VAT,Argentina,0.0,0.0,0.0
2025,10,,Dreamly,-899.74,-674.66,REFUND,Serbia,0.0,-0.0,-0.0
2025,10,Metasa Limited,Intelico,605.92,523.79,SALE,Slovenia,22.0,133.3024,115.23
2025,10,,,4.91,4.18,SALE,Åland Islands,0.0,0.0,0.0
2025,10,Metasa Limited,Dreamly,-959.56,-959.56,CHARGEBACK,Indonesia,0.0,-0.0,-0.0
2025,10,Metasa Limited,,555.93,555.93,VAT,Uzbekistan,0.0,0.0,0.0
2025,10,Metasa Limited,Dreamly,377.78,377.78,CAPTURE_FEE,Puerto Rico,0.0,0.0,0.0
2025,10,,Intelico,-278.38,-239.22,REFUND,Norway,0.0,-0.0,-0.0
2025,10,Proto Group Ltd.,Intelico,-324.99,-324.99,REFUND,Panama,0.0,-0.0,-0.0
2025,10,Metasa Limited,,347.09,260.85,VAT,Germany,19.0,0.0,0.0
2025,10,Proto Group Ltd.,Dreamly,845.32,633.08,DISCOUNT_FEE,Suriname,0.0,0.0,0.0
2025,10,Proto Group Ltd.,Intelico,-475.25,-408.81,CHARGEBACK,Bolivia (Plurinational State of),0.0,-0.0,-0.0
2025,10,Metasa Limited,Dreamly,0.7,0.52,VAT,San Marino,0.0,0.0,0.0
2025,10,,,-399.68,-297.95,CHARGEBACK,Peru,0.0,-0.0,-0.0
2025,10,Proto Group Ltd.,Dreamly,444.69,330.7,DISCOUNT_FEE,Mongolia,0.0,0.0,0.0
2025,10,Proto Group Ltd.,,617.83,617.83,DISCOUNT_FEE,Sri Lanka,0.0,0.0,0.0
2025,10,Metasa Limited,Intelico,195.39,146.34,SALE,Panama,0.0,0.0,0.0
2025,10,Proto Group Ltd.,Intelico,133.8,100.56,VAT,Faroe Islands (the),0.0,0.0,0.0
2025,10,,,-684.73,-589.74,CHARGEBACK,Nauru,0.0,-0.0,-0.0
2025,10,Proto Group Ltd.,Intelico,472.12,354.01,DISCOUNT_FEE,Netherlands,21.0,0.0,0.0
2025,10,Proto Group Ltd.,Dreamly,757.26,563.23,CAPTURE_FEE,French Southern Territories (the),0.0,0.0,0.0
2025,10,Metasa Limited,Dreamly,-435.27,-435.27,REFUND,Papua New Guinea,0.0,-0.0,-0.0
2025,10,Metasa Limited,,-83.59,-71.26,CHARGEBACK,Mongolia,0.0,-0.0,-0.0
2025,10,,,133.03,133.03,DISCOUNT_FEE,Malta,18.0,0.0,0.0
2025,10,Metasa Limited,Dreamly,-256.81,-191.08,REFUND,United States of America (the),0.0,-0.0,-0.0
2025,10,Proto Group Ltd.,Intelico,173.28,173.28,DISCOUNT_FEE,Falkland Islands (the) [Malvinas],0.0,0.0,0.0
2025,10,,,780.68,583.85,VAT,India,0.0,0.0,0.0
2025,10,Proto Group Ltd.,,742.83,638.34,SALE,Puerto Rico,0.0,0.0,0.0
2025,10,Proto Group Ltd.,Dreamly,475.16,352.57,VAT,Nauru,0.0,0.0,0.0
2025,10,Metasa Limited,Intelico,-95.44,-95.44,CHARGEBACK,Serbia,0.0,-0.0,-0.0
2025,10,Proto Group Ltd.,Dreamly,638.33,475.41,DISCOUNT_FEE,Somalia,0.0,0.0,0.0
2025,10,Metasa Limited,Intelico,998.67,856.71,SALE,Tuvalu,0.0,0.0,0.0
2025,10,Metasa Limited,Dreamly,463.51,400.69,VAT,Sint Maarten (Dutch part),0.0,0.0,0.0
2025,10,Metasa Limited,Intelico,-12.92,-9.82,REFUND,Italy,22.0,-2.8424,-2.16
2025,10,,Intelico,510.0,380.15,VAT,Dominica,0.0,0.0,0.0
2025,10,Metasa Limited,Intelico,948.3,948.3,DISCOUNT_FEE,Luxembourg,17.0,0.0,0.0
2025,10,Metasa Limited,Intelico,625.31,465.26,DISCOUNT_FEE,United Kingdom of Great Britain and Northern Ireland (the),0.0,0.0,0.0
2025,10,Proto Group Ltd.,Intelico,-660.03,-568.31,CHARGEBACK,Nauru,0.0,-0.0,-0.0
2025,10,Metasa Limited,,150.1,111.79,DISCOUNT_FEE,Bermuda,0.0,0.0,0.0
2025,10,,Intelico,989.56,741.14,VAT,Gabon,0.0,0.0,0.0
2025,10,,Dreamly,485.13,361.62,DISCOUNT_FEE,Lithuania,21.0,0.0,0.0
2025,10,Metasa Limited,,-846.37,-628.01,REFUND,Falkland Islands (the) [Malvinas],0.0,-0.0,-0.0
2025,10,Proto Group Ltd.,Dreamly,-121.77,-121.77,REFUND,Venezuela (Bolivarian Republic of),0.0,-0.0,-0.0
2025,10,,Intelico,-854.43,-854.43,CHARGEBACK,Mexico,0.0,-0.0,-0.0
2025,10,Proto Group Ltd.,,-760.28,-652.76,REFUND,Romania,21.0,-159.65879999999999,-137.08
2025,10,Metasa Limited,Dreamly,309.48,263.56,DISCOUNT_FEE,Senegal,0.0,0.0,0.0
2025,10,Metasa Limited,Dreamly,-289.1,-216.51,REFUND,Croatia,25.0,-72.275,-54.13
2025,10,,Intelico,854.58,728.16,DISCOUNT_FEE,Seychelles,0.0,0.0,0.0
2025,10,Metasa Limited,Dreamly,458.53,393.35,CAPTURE_FEE,Thailand,0.0,0.0,0.0
2025,10,,Dreamly,505.64,505.64,CAPTURE_FEE,Chad,0.0,0.0,0.0
2025,10,Metasa Limited,Dreamly,-469.15,-404.29,REFUND,Taiwan (Province of China),0.0,-0.0,-0.0
2025,10,,,885.56,885.56,CAPTURE_FEE,Uganda,0.0,0.0,0.0
2025,10,Metasa Limited,Intelico,-789.13,-679.47,CHARGEBACK,China,0.0,-0.0,-0.0
2025,10,Metasa Limited,Dreamly,-249.81,-249.81,CHARGEBACK,Paraguay,0.0,-0.0,-0.0
2025,10,Proto Group Ltd.,,305.36,228.69,VAT,Saudi Arabia,0.0,0.0,0.0
2025,10,,,557.63,474.88,SALE,Martinique,0.0,0.0,0.0
2025,10,Metasa Limited,,73.64,73.64,VAT,Tuvalu,0.0,0.0,0.0
2025,10,Metasa Limited,,-22.38,-22.38,REFUND,Congo (the),0.0,-0.0,-0.0
2025,10,Metasa Limited,,538.55,409.44,VAT,Zimbabwe,0.0,0.0,0.0
2025,10,Metasa Limited,Intelico,258.62,194.03,VAT,El Salvador,0.0,0.0,0.0
2025,10,,Dreamly,-461.69,-461.69,CHARGEBACK,Tunisia,0.0,-0.0,-0.0
2025,10,,Intelico,-817.33,-613.14,CHARGEBACK,Niue,0.0,-0.0,-0.0
2025,10,Proto Group Ltd.,Intelico,-649.45,-649.45,CHARGEBACK,Algeria,0.0,-0.0,-0.0
2025,10,Metasa Limited,,584.01,584.01,SALE,French Polynesia,0.0,0.0,0.0
2025,10,Proto Group Ltd.,Intelico,221.64,190.79,VAT,San Marino,0.0,0.0,0.0
2025,10,Proto Group Ltd.,Intelico,108.46,82.46,SALE,Senegal,0.0,0.0,0.0
2025,10,Metasa Limited,Intelico,319.8,239.51,CAPTURE_FEE,Ecuador,0.0,0.0,0.0
2025,10,Proto Group Ltd.,,-459.36,-344.03,REFUND,Burundi,0.0,-0.0,-0.0
2025,10,Proto Group Ltd.,Dreamly,-568.57,-425.82,REFUND,Guyana,0.0,-0.0,-0.0
2025,10,Metasa Limited,,971.72,971.72,SALE,Denmark,25.0,242.93,242.93
2025,10,,,884.14,884.14,VAT,Trinidad and Tobago,0.0,0.0,0.0
2025,10,,Dreamly,-41.49,-31.09,REFUND,Mauritania,0.0,-0.0,-0.0
2025,10,Metasa Limited,Intelico,361.4,310.02,VAT,Seychelles,0.0,0.0,0.0
2025,10,Proto Group Ltd.,,-168.64,-144.02,REFUND,Uruguay,0.0,-0.0,-0.0
2025,10,Proto Group Ltd.,Intelico,-622.96,-622.96,CHARGEBACK,Peru,0.0,-0.0,-0.0
